Date,HDFCBANK.NS,INFY.NS,ITC.NS,LT.NS,RELIANCE.NS,SUNPHARMA.NS
2019-01-01,496.18585205078125,541.7259521484375,196.50270080566406,1283.00634765625,496.1963806152344,401.7030944824219
2019-01-02,491.658447265625,544.9840698242188,195.0430145263672,1268.4134521484375,489.7339172363281,407.72564697265625
2019-01-03,487.8009338378906,545.0654907226562,193.8265838623047,1241.2745361328125,483.6919250488281,404.0657958984375
2019-01-04,489.1060485839844,538.4676513671875,195.28627014160156,1235.0904541015625,486.3034362792969,401.93475341796875
2019-01-07,489.8452453613281,547.1427612304688,195.77284240722656,1231.308837890625,489.0035400390625,399.15509033203125
2019-01-08,485.76824951171875,545.798583984375,197.58009338378906,1229.885009765625,488.95928955078125,415.13800048828125
2019-01-09,488.9559326171875,550.7267456054688,201.8549041748047,1233.3109130859375,491.65936279296875,415.7865295410156
2019-01-10,487.0386962890625,553.6591796875,201.298828125,1239.13916015625,490.2208251953125,411.9413757324219
2019-01-11,487.8240051269531,556.7545776367188,205.29562377929688,1218.6734619140625,486.03790283203125,411.7560729980469
2019-01-14,485.4563903808594,571.7425537109375,204.56578063964844,1186.9075927734375,485.4845886230469,417.7322998046875
2019-01-15,490.1339111328125,591.8621215820312,206.1297607421875,1193.1361083984375,500.0252380371094,419.21478271484375
2019-01-16,489.7412414550781,600.1707153320312,204.3920135498047,1194.2486572265625,502.7917175292969,420.4656677246094
2019-01-17,492.5362854003906,597.3605346679688,204.32249450683594,1197.71875,502.14984130859375,395.21728515625
2019-01-18,492.06268310546875,595.405517578125,202.5847625732422,1172.6708984375,524.2374267578125,362.0470886230469
2019-01-21,496.19744873046875,606.8502807617188,201.50735473632812,1169.6900634765625,547.8522338867188,369.0423583984375
2019-01-22,493.35626220703125,607.13525390625,201.403076171875,1157.7664794921875,546.7234497070312,388.17547607421875
2019-01-23,486.3225402832031,595.9757080078125,192.7491912841797,1158.0335693359375,542.8060302734375,399.3404235839844
2019-01-24,485.59503173828125,599.5386962890625,193.861328125,1152.605712890625,552.1677856445312,391.9280700683594
2019-01-25,484.1513671875,598.1871948242188,194.0698699951172,1143.796630859375,551.5260009765625,391.37213134765625
2019-01-28,481.4141540527344,596.2215576171875,190.97669982910156,1157.1435546875,544.24462890625,381.5044250488281
2019-01-29,475.28143310546875,596.1806640625,193.54855346679688,1137.212158203125,535.8788452148438,391.37213134765625
2019-01-30,469.9917907714844,594.5425415039062,191.49801635742188,1151.8050537109375,529.2614135742188,387.2490234375
2019-01-31,480.44403076171875,613.9129028320312,193.6875762939453,1169.4674072265625,543.182373046875,392.3450622558594
2019-02-01,482.8693542480469,620.0556640625,195.21676635742188,1178.63232421875,553.2744140625,392.1596984863281
2019-02-04,486.2071228027344,619.11376953125,192.61016845703125,1163.327880859375,571.4005126953125,384.3303527832031
2019-02-05,488.32080078125,618.2537841796875,190.55963134765625,1160.83642578125,571.6881103515625,379.790283203125
2019-02-06,490.30718994140625,625.1746826171875,193.02720642089844,1169.5565185546875,579.9654541015625,385.99822998046875
2019-02-07,489.0598449707031,625.7479858398438,194.83447265625,1153.228515625,571.1790771484375,402.9539489746094
2019-02-08,490.30718994140625,623.208984375,191.49801635742188,1122.70849609375,565.5576782226562,399.3867492675781
2019-02-11,494.2340087890625,624.7650756835938,192.61016845703125,1109.138916015625,554.7351684570312,397.07037353515625
2019-02-12,491.93560791015625,614.6500244140625,191.35899353027344,1109.4501953125,556.12939453125,404.529052734375
2019-02-14,487.431396484375,606.1320190429688,193.166259765625,1092.3216552734375,541.8765258789062,408.51318359375
2019-02-15,485.2254638671875,607.6881103515625,194.6954345703125,1106.1134033203125,550.8399658203125,391.8353576660156
2019-02-18,482.7423400878906,606.9509887695312,190.94195556640625,1107.3594970703125,540.0618286132812,384.19140625
2019-02-19,481.3910827636719,593.2319946289062,191.7760467529297,1119.6385498046875,538.2911376953125,383.2648620605469
2019-02-20,487.0040588378906,606.664306640625,191.74131774902344,1135.87744140625,546.3693237304688,391.3258056640625
2019-02-21,488.7480163574219,600.7262573242188,191.18524169921875,1142.595458984375,551.9244995117188,398.1359558105469
2019-02-22,483.1003723144531,601.9547729492188,190.66392517089844,1139.258544921875,545.484130859375,398.87713623046875
2019-02-25,490.9424133300781,618.2947998046875,192.3321533203125,1135.2545166015625,545.4618530273438,404.0657958984375
2019-02-26,487.53533935546875,608.1386108398438,191.49801635742188,1126.3565673828125,540.1282348632812,403.74151611328125
2019-02-27,483.2851867675781,602.2005004882812,191.22000122070312,1143.1292724609375,541.5667114257812,410.180908203125
2019-02-28,479.8896789550781,601.4224853515625,191.88031005859375,1150.4703369140625,544.9085693359375,412.4509582519531
2019-03-01,481.2294006347656,607.647216796875,193.374755859375,1164.351318359375,542.6954345703125,414.4893798828125
2019-03-05,486.7153625488281,599.9482421875,196.3984375,1161.9044189453125,547.8300170898438,422.41131591796875
2019-03-06,486.0569763183594,599.9482421875,198.62274169921875,1171.869873046875,559.8477783203125,426.71978759765625
2019-03-07,491.1965026855469,592.1263427734375,201.64637756347656,1203.368896484375,562.260009765625,417.77862548828125
2019-03-08,491.589111328125,583.4445190429688,202.96707153320312,1191.801513671875,560.86572265625,421.5310974121094
2019-03-11,491.64691162109375,582.5435791015625,203.62744140625,1198.16357421875,577.2433471679688,425.7005920410156
2019-03-12,501.4754943847656,579.0216064453125,204.7047882080078,1235.8468017578125,589.3051147460938,435.75360107421875
2019-03-13,514.3069458007812,580.2503051757812,204.9828338623047,1226.681640625,596.365234375,422.9672546386719
2019-03-14,513.89111328125,580.168212890625,205.39987182617188,1227.705078125,593.8200073242188,431.908447265625
2019-03-15,520.41650390625,588.5225219726562,202.1329345703125,1242.609375,585.0115966796875,430.2406311035156
2019-03-18,522.3682861328125,581.68359375,204.04446411132812,1226.9486083984375,597.5824584960938,430.7502746582031
2019-03-19,523.8236083984375,591.5530395507812,208.1455078125,1208.3072509765625,609.3124389648438,434.5028381347656
2019-03-20,531.0419921875,605.2308959960938,207.76321411132812,1219.8302001953125,608.825439453125,439.8767395019531
2019-03-22,525.763916015625,608.6300659179688,207.27662658691406,1241.0076904296875,593.9086303710938,438.4869384765625
2019-03-25,526.9535522460938,602.2005004882812,205.08709716796875,1225.0357666015625,586.2509765625,430.51861572265625
2019-03-26,533.8946533203125,596.0577392578125,203.940185546875,1221.52099609375,605.1958618164062,435.29034423828125
2019-03-27,531.1458740234375,597.65478515625,203.7316436767578,1215.8704833984375,597.2283325195312,430.70391845703125
2019-03-28,531.919677734375,604.2891235351562,208.52780151367188,1233.88916015625,601.9866333007812,440.5252990722656
2019-04-01,533.9985961914062,618.45849609375,206.6162872314453,1256.5791015625,616.084716796875,443.6755676269531
2019-04-02,530.0833740234375,621.98046875,207.068115234375,1254.3990478515625,615.133056640625,435.1976623535156
2019-04-03,529.5983276367188,616.9842529296875,205.85169982910156,1226.1922607421875,608.71484375,428.06329345703125
2019-04-04,527.5656127929688,612.5615234375,204.9132843017578,1217.87255859375,598.910400390625,431.3988342285156
2019-04-05,532.5665893554688,621.8984985351562,204.73951721191406,1222.4110107421875,599.2864990234375,429.1287841796875
2019-04-08,528.824462890625,628.4098510742188,203.48838806152344,1222.27734375,588.3756103515625,428.480224609375
2019-04-09,528.3278198242188,622.9631958007812,205.9559326171875,1223.6563720703125,590.6773681640625,436.35589599609375
2019-04-10,516.8016357421875,616.4927978515625,204.84381103515625,1220.40869140625,589.3272705078125,437.2823486328125
2019-04-11,521.4559326171875,608.3023681640625,206.02548217773438,1226.14794921875,596.1439208984375,431.3525390625
2019-04-12,523.2461547851562,612.4385986328125,212.5245819091797,1210.9322509765625,594.5061645507812,430.8892517089844
2019-04-15,528.6858520507812,595.8529663085938,212.35081481933594,1207.3731689453125,593.2005004882812,424.9593811035156
2019-04-16,532.4395141601562,593.0682373046875,213.5324249267578,1229.17333984375,594.7938232421875,428.5729064941406
2019-04-18,529.80615234375,587.2938842773438,211.58619689941406,1210.7542724609375,613.4732055664062,429.1751708984375
2019-04-22,524.0430297851562,590.5701904296875,209.7790069580078,1210.264892578125,595.5021362304688,421.1142578125
2019-04-23,518.637939453125,596.4263916015625,210.89111328125,1199.6318359375,603.6908569335938,434.1321105957031
2019-04-24,526.5955810546875,603.183349609375,213.0111541748047,1210.7099609375,615.04443359375,434.8733825683594
2019-04-25,522.830322265625,596.7130126953125,211.4124298095703,1205.8160400390625,607.4754638671875,427.13671875
2019-04-26,526.8726806640625,604.4529418945312,211.69044494628906,1208.5299072265625,616.5051879882812,430.009033203125
2019-04-30,535.3037109375,615.386962890625,209.46617126464844,1199.943359375,616.5051879882812,424.0328063964844
2019-05-02,544.162109375,598.5558471679688,212.00326538085938,1209.01904296875,621.927490234375,418.9831848144531
2019-05-03,546.968505859375,592.6586303710938,211.48190307617188,1213.3348388671875,623.6095581054688,419.95599365234375
2019-05-06,537.8446044921875,588.3997192382812,213.3934783935547,1203.6361083984375,613.0084228515625,419.8633728027344
2019-05-07,536.4354858398438,593.436767578125,209.8484649658203,1216.00390625,594.6831665039062,415.2769470214844
2019-05-08,532.9476928710938,589.177734375,208.9795684814453,1210.44287109375,575.1849975585938,406.8917236328125
2019-05-09,529.1709594726562,590.5701904296875,208.4235382080078,1206.9725341796875,556.1516723632812,407.0770263671875
2019-05-10,530.4644165039062,587.1301879882812,206.96385192871094,1206.12744140625,553.8057861328125,405.5945739746094
2019-05-13,528.3162841796875,589.4645385742188,201.09031677246094,1172.4482421875,545.3512573242188,368.85711669921875
2019-05-14,528.4779663085938,584.6730346679688,204.60052490234375,1193.93701171875,557.9222412109375,388.638916015625
2019-05-15,528.2007446289062,586.515869140625,206.47726440429688,1179.7003173828125,556.350830078125,379.6513671875
2019-05-16,533.7330322265625,600.4395751953125,204.87860107421875,1189.799560546875,560.091064453125,382.1067199707031
2019-05-17,545.6173095703125,592.9044189453125,209.50091552734375,1211.822021484375,560.99853515625,379.0491638183594
2019-05-20,561.8441772460938,591.6759643554688,213.3934783935547,1291.50390625,586.892822265625,383.1258544921875
2019-05-21,555.2263793945312,580.9464111328125,212.6288604736328,1289.4127197265625,593.04541015625,378.8175048828125
2019-05-22,555.699951171875,581.3150024414062,212.5022735595703,1300.09033203125,593.3109741210938,390.26031494140625
2019-05-23,538.6878051757812,574.1892700195312,204.31411743164062,1313.4375,590.4338989257812,382.6163635253906
2019-05-24,548.2158813476562,580.864501953125,205.90921020507812,1373.988525390625,591.7396240234375,385.21063232421875
2019-05-27,556.3004760742188,579.9635620117188,206.1927947998047,1420.1251220703125,580.1425170898438,384.376708984375
2019-05-28,558.1138305664062,596.3442993164062,204.8103790283203,1400.994384765625,585.941162109375,382.4310302734375
2019-05-29,558.2754516601562,596.0986328125,204.24322509765625,1381.3739013671875,581.2049560546875,392.669189453125
2019-05-30,563.50732421875,600.8082275390625,204.63311767578125,1386.846435546875,588.5971069335938,382.4310302734375
2019-05-31,560.227294921875,604.248291015625,197.47293090820312,1385.9119873046875,588.7740478515625,379.7440185546875
2019-06-03,567.561279296875,609.8995361328125,197.47293090820312,1387.5582275390625,602.0752563476562,386.1834716796875
2019-06-04,566.4524536132812,602.2413940429688,197.96917724609375,1396.81201171875,598.2907104492188,380.94854736328125
2019-06-06,559.765380859375,602.4871826171875,195.48789978027344,1348.8516845703125,587.5346069335938,374.4627380371094
2019-06-07,565.37841796875,605.3538818359375,195.13345336914062,1347.027587890625,582.0237426757812,369.922607421875
2019-06-10,563.657470703125,617.14794921875,198.07550048828125,1363.266357421875,583.905029296875,372.5169982910156
2019-06-11,565.5516357421875,618.2947998046875,198.39451599121094,1356.326171875,588.3313598632812,361.30584716796875
2019-06-12,560.6201171875,617.3937377929688,198.46539306640625,1342.9345703125,589.6593017578125,362.6492919921875
2019-06-13,564.6969604492188,616.8538208007812,198.9262237548828,1350.3199462890625,587.4902954101562,361.1204528808594
2019-06-14,562.4795532226562,615.0265502929688,197.11846923828125,1358.1058349609375,583.1968383789062,363.71478271484375
2019-06-17,559.4534912109375,615.1094970703125,194.95620727539062,1333.591552734375,567.5938110351562,354.77362060546875
2019-06-18,558.3563232421875,623.0833740234375,195.027099609375,1339.419921875,567.0184936523438,350.6505126953125
2019-06-19,560.9202880859375,624.5370483398438,196.51588439941406,1339.286376953125,565.4027709960938,347.6392822265625
2019-06-20,563.9418334960938,627.0289306640625,196.37408447265625,1385.511474609375,573.9899291992188,361.8153991699219
2019-06-21,561.1178588867188,623.1250610351562,194.42449951171875,1370.0733642578125,566.3544921875,354.6809997558594
2019-06-24,561.989501953125,619.2210083007812,195.84237670898438,1371.185791015625,558.7853393554688,355.2832946777344
2019-06-25,564.4879760742188,621.3806762695312,197.43746948242188,1365.8468017578125,573.591552734375,357.4142761230469
2019-06-26,573.5989990234375,613.9881591796875,196.65765380859375,1380.2618408203125,572.839111328125,370.1080017089844
2019-06-27,572.2974853515625,606.8035278320312,193.89280700683594,1379.9949951171875,563.9863891601562,373.21185302734375
2019-06-28,567.9859619140625,608.0078735351562,194.14096069335938,1382.041259765625,554.6688842773438,371.4977722167969
2019-07-01,577.7013549804688,607.4263305664062,194.9207763671875,1385.1112060546875,561.6403198242188,375.5745849609375
2019-07-02,579.8977661132812,614.6527099609375,194.14096069335938,1391.517822265625,565.9116821289062,366.4944152832031
2019-07-03,578.6541748046875,607.4263305664062,196.16139221191406,1404.15283203125,567.7044067382812,366.6335144042969
2019-07-04,577.2946166992188,609.5029296875,196.83489990234375,1398.502685546875,568.34619140625,363.2978820800781
2019-07-05,574.6448364257812,596.379150390625,198.11097717285156,1386.623779296875,559.2057495117188,347.68560791015625
2019-07-08,560.0487670898438,596.0470581054688,196.69308471679688,1326.1171875,554.2039794921875,339.8562927246094
2019-07-09,552.9713745117188,594.3027954101562,193.60926818847656,1358.37255859375,566.6199340820312,358.0165100097656
2019-07-10,555.2026977539062,595.7564086914062,193.64466857910156,1334.3033447265625,566.0667114257812,363.3905334472656
2019-07-11,559.479248046875,599.2864379882812,195.41702270507812,1330.4326171875,567.26171875,368.9034423828125
2019-07-12,556.3995971679688,603.6470336914062,194.99163818359375,1305.206787109375,566.797119140625,377.7519836425781
2019-07-15,556.5972290039062,647.33740234375,192.0850372314453,1281.849609375,564.8494262695312,391.88177490234375
2019-07-16,555.7720947265625,651.9056396484375,192.79396057128906,1300.179443359375,572.3300170898438,401.47149658203125
2019-07-17,557.2247314453125,659.63037109375,193.4674835205078,1295.0631103515625,567.3946533203125,398.46014404296875
2019-07-18,560.583251953125,658.4259033203125,193.53834533691406,1277.0445556640625,558.5418701171875,394.8929748535156
2019-07-19,552.157958984375,652.3624267578125,190.2063446044922,1256.0008544921875,552.85400390625,390.3992919921875
2019-07-22,533.935791015625,651.5319213867188,187.4415283203125,1249.0157470703125,566.797119140625,398.6454772949219
2019-07-23,526.0914916992188,656.2249755859375,191.8723602294922,1254.1768798828125,563.720703125,398.6454772949219
2019-07-24,530.1357421875,653.110107421875,192.01414489746094,1250.436279296875,557.3246459960938,394.2907409667969
2019-07-25,531.332763671875,659.9210815429688,189.88735961914062,1236.961669921875,545.1078491210938,405.03863525390625
2019-07-26,529.2990112304688,653.6914672851562,191.69512939453125,1254.7625732421875,537.273193359375,407.6329650878906
2019-07-29,521.6290283203125,657.3878173828125,189.81643676757812,1236.1505126953125,536.0116577148438,399.3867492675781
2019-07-30,523.476806640625,658.4259033203125,190.63172912597656,1240.5216064453125,522.7102661132812,380.2072448730469
2019-07-31,523.3373413085938,659.215087890625,191.55332946777344,1250.39111328125,516.2257690429688,395.402587890625
2019-08-01,517.5486450195312,638.615966796875,189.67465209960938,1224.02783203125,522.4227294921875,393.8737487792969
2019-08-02,515.8133544921875,644.2225341796875,187.51243591308594,1235.0238037109375,527.3842163085938,389.7507019042969
2019-08-05,507.6369934082031,645.13623046875,184.18040466308594,1212.98681640625,509.127197265625,386.5077819824219
2019-08-06,509.9315490722656,643.2672729492188,183.5424041748047,1241.5582275390625,502.4254150390625,387.480712890625
2019-08-07,508.7435302734375,644.6377563476562,179.82049560546875,1225.8302001953125,494.0094299316406,390.121337890625
2019-08-08,520.192626953125,655.1450805664062,182.72714233398438,1226.3712158203125,513.1348876953125,395.1246032714844
2019-08-09,531.5717163085938,656.0586547851562,180.21044921875,1229.931396484375,517.4764404296875,391.0014953613281
2019-08-13,517.2110595703125,635.21044921875,174.60984802246094,1183.6490478515625,567.6387939453125,406.98443603515625
2019-08-14,519.3307495117188,643.5579833984375,176.3467254638672,1202.0806884765625,573.650390625,386.5077819824219
2019-08-16,518.9230346679688,643.350341796875,179.3596954345703,1203.4779052734375,569.0860595703125,384.2377624511719
2019-08-19,514.0662231445312,645.9252319335938,178.3317413330078,1218.7548828125,575.5873413085938,394.7076721191406
2019-08-20,517.269287109375,658.4675903320312,174.75161743164062,1210.012451171875,568.1732788085938,392.51611328125
2019-08-21,518.4921875,664.0326538085938,171.1715545654297,1181.3055419921875,565.9466552734375,388.87908935546875
2019-08-22,506.43743896484375,660.9177856445312,170.17901611328125,1166.5240478515625,555.1705932617188,386.5943908691406
2019-08-23,503.7818603515625,666.31689453125,167.37875366210938,1159.538818359375,568.128662109375,398.9508972167969
2019-08-26,525.5502319335938,666.607666015625,171.91592407226562,1202.03564453125,564.0987548828125,391.0706787109375
2019-08-27,526.4354858398438,651.7395629882812,174.04275512695312,1223.0362548828125,567.6832885742188,388.6460266113281
2019-08-28,523.5352783203125,666.5659790039062,174.3617401123047,1211.9503173828125,562.5402221679688,385.2422180175781
2019-08-29,518.7484130859375,670.2621459960938,170.99432373046875,1209.96728515625,552.944091796875,405.3388671875
2019-08-30,518.9813842773438,676.8656005859375,174.14907836914062,1197.168701171875,555.97216796875,420.02685546875
2019-09-03,515.0213623046875,676.3257446289062,171.242431640625,1166.6593017578125,537.2030029296875,409.72198486328125
2019-09-04,523.593505859375,682.1814575195312,172.4476318359375,1178.9620361328125,534.8651123046875,397.69189453125
2019-09-05,520.6585083007812,692.7719116210938,173.1565399169922,1190.0032958984375,533.7296752929688,402.6811218261719
2019-09-06,523.1625366210938,697.8385009765625,172.90843200683594,1197.5291748046875,544.3721923828125,396.43292236328125
2019-09-09,524.0244750976562,688.6602172851562,174.04275512695312,1223.0816650390625,544.2387084960938,399.8834228515625
2019-09-11,524.4204711914062,681.1846923828125,172.80209350585938,1229.0751953125,549.6712036132812,393.7285461425781
2019-09-12,528.9745483398438,678.111572265625,170.67529296875,1227.948486328125,538.9618530273438,398.9508972167969
2019-09-13,525.8532104492188,688.826416015625,170.0727081298828,1228.8948974609375,545.752685546875,394.33465576171875
2019-09-16,522.7550048828125,687.4974365234375,169.7182159423828,1211.003662109375,539.139892578125,398.0183410644531
2019-09-17,515.114501953125,690.446044921875,168.1586151123047,1184.054443359375,533.217529296875,392.28302001953125
2019-09-18,509.6170959472656,689.2832641601562,169.6118927001953,1187.93017578125,536.8912963867188,388.6926574707031
2019-09-19,512.9598999023438,681.6830444335938,167.80413818359375,1172.3375244140625,525.024169921875,383.4237060546875
2019-09-20,558.8724365234375,668.6426391601562,168.76119995117188,1272.2030029296875,558.5548095703125,385.8017578125
2019-09-23,585.7305908203125,634.878173828125,180.67124938964844,1377.6566162109375,551.8086547851562,381.83831787109375
2019-09-24,584.123291015625,659.54736328125,181.48648071289062,1335.1146240234375,569.397705078125,382.02484130859375
2019-09-25,577.5543823242188,658.3843994140625,175.4960479736328,1306.99365234375,569.7762451171875,379.3204040527344
2019-09-26,578.8588256835938,649.9953002929688,177.51646423339844,1342.8206787109375,577.45751953125,384.1697082519531
2019-09-27,579.6508178710938,649.70458984375,179.32424926757812,1327.3182373046875,582.912353515625,374.61102294921875
2019-09-30,571.8472900390625,669.1824340820312,184.21591186523438,1328.7603759765625,593.2432250976562,363.1870422363281
2019-10-01,581.7939453125,659.1319580078125,181.41563415527344,1319.5670166015625,581.064453125,360.4825744628906
2019-10-03,570.0303955078125,652.5286254882812,185.49197387695312,1314.1591796875,583.8030395507812,361.9747009277344
2019-10-04,554.26025390625,659.0490112304688,182.3726806640625,1284.2806396484375,582.4893798828125,360.0163879394531
2019-10-07,552.955810546875,655.8095092773438,178.5798797607422,1259.89990234375,583.3800048828125,354.28106689453125
2019-10-09,572.1734619140625,650.9090576171875,175.17701721191406,1285.4971923828125,589.9035034179688,358.0579528808594
2019-10-10,559.3151245117188,650.4105224609375,172.41217041015625,1284.4608154296875,606.8246459960938,360.9488830566406
2019-10-11,558.4998168945312,676.782470703125,172.94386291503906,1286.80419921875,602.3049926757812,360.24951171875
2019-10-14,561.1087646484375,652.9439697265625,173.05020141601562,1283.424072265625,604.7095947265625,368.036376953125
2019-10-15,569.7974853515625,638.158935546875,175.53146362304688,1290.9052734375,607.4481811523438,370.0413818359375
2019-10-16,568.888916015625,640.7755126953125,172.731201171875,1283.6495361328125,611.0995483398438,372.7458190917969
2019-10-17,568.3765258789062,639.1558227539062,174.29087829589844,1283.784912109375,621.8534545898438,374.4244689941406
2019-10-18,572.5694580078125,637.7853393554688,174.75161743164062,1304.9205322265625,630.6924438476562,374.5643615722656
2019-10-22,577.3680419921875,534.5402221679688,176.45309448242188,1300.1888427734375,629.712890625,378.1080627441406
2019-10-23,578.4396362304688,547.1982421875,177.977294921875,1290.4996337890625,620.0276489257812,377.87493896484375
2019-10-24,575.877197265625,534.3720703125,176.55941772460938,1290.9052734375,639.6429443359375,378.57440185546875
2019-10-25,572.5694580078125,536.1381225585938,175.60235595703125,1284.37060546875,637.3050537109375,389.3454895019531
2019-10-27,576.6226806640625,545.7263793945312,177.51646423339844,1292.843017578125,638.6633911132812,389.57861328125
2019-10-29,578.8588256835938,547.2402954101562,179.5369415283203,1316.907958984375,653.2689819335938,393.495361328125
2019-10-30,581.5842895507812,555.6090087890625,183.89686584472656,1328.7603759765625,658.6347045898438,400.6761474609375
2019-10-31,573.1983642578125,576.6356201171875,182.65625,1327.678955078125,652.0665893554688,404.1732177734375
2019-11-01,577.7174682617188,578.5700073242188,185.2438507080078,1306.36279296875,648.7491455078125,408.0433349609375
2019-11-04,576.2266235351562,596.316650390625,184.85394287109375,1308.886474609375,649.0831298828125,408.4164123535156
2019-11-05,577.4611206054688,585.466796875,186.37815856933594,1297.7099609375,644.4743041992188,400.9091796875
2019-11-06,585.4510498046875,599.0921020507812,185.279296875,1309.6527099609375,638.9527587890625,399.0440979003906
2019-11-07,588.7355346679688,605.6524658203125,188.46945190429688,1293.4288330078125,649.5061645507812,410.8876953125
2019-11-08,584.9618530273438,595.6016845703125,184.6766815185547,1282.568115234375,643.6728515625,393.6352844238281
2019-11-11,589.2247924804688,592.4476318359375,183.9322967529297,1277.1602783203125,635.7911376953125,393.0290832519531
2019-11-13,585.8703002929688,581.4718017578125,179.96229553222656,1255.528564453125,655.6067504882812,384.2164306640625
2019-11-14,593.4876098632812,593.2047119140625,179.9977569580078,1244.2171630859375,651.3541259765625,382.5377197265625
2019-11-15,595.35107421875,592.0271606445312,177.69371032714844,1241.6934814453125,654.9611206054688,387.0606994628906
2019-11-18,587.9668579101562,593.12060546875,177.7646026611328,1229.8411865234375,649.7733764648438,395.9200439453125
2019-11-19,592.5558471679688,599.5546264648438,176.73666381835938,1230.9678955078125,672.282958984375,397.17901611328125
2019-11-20,593.2313232421875,599.6808471679688,177.7291717529297,1244.53271484375,689.15966796875,419.65386962890625
2019-11-21,597.89013671875,599.89111328125,174.18450927734375,1255.25830078125,684.6843872070312,416.99603271484375
2019-11-22,589.2247924804688,583.0276489257812,175.56690979003906,1242.5947265625,688.6475219726562,421.6121520996094
2019-11-25,592.18310546875,587.1489868164062,175.63783264160156,1244.5777587890625,695.3492431640625,428.00030517578125
2019-11-26,594.0233154296875,580.8409423828125,176.6303253173828,1228.4891357421875,694.7703857421875,420.3532409667969
2019-11-27,595.5840454101562,585.1724243164062,175.07066345214844,1203.7032470703125,699.045166015625,427.813720703125
2019-11-28,589.4811401367188,590.302978515625,174.89344787597656,1216.68212890625,703.6985473632812,426.5081787109375
2019-11-29,593.9766235351562,585.6770629882812,174.6807861328125,1199.2418212890625,690.7182006835938,419.5138854980469
2019-12-02,589.6905517578125,582.6072387695312,173.65281677246094,1201.765380859375,706.4592895507812,410.3282165527344
2019-12-03,584.8687133789062,587.3592529296875,173.0147705078125,1183.603759765625,703.074951171875,404.3597717285156
2019-12-04,583.1217651367188,596.1904296875,172.37673950195312,1158.277099609375,691.4083862304688,413.7786865234375
2019-12-05,580.3031005859375,601.2368774414062,175.07066345214844,1173.689453125,690.5845947265625,407.25067138671875
2019-12-06,580.5126953125,601.4470825195312,172.51852416992188,1163.41455078125,692.3880004882812,399.6968994140625
2019-12-09,579.0685424804688,603.2554321289062,171.1715545654297,1150.0751953125,700.2697143554688,398.2048645019531
2019-12-10,582.1201171875,600.9845581054688,167.02430725097656,1152.779052734375,695.5272827148438,398.81097412109375
2019-12-11,581.7706298828125,606.4514770507812,168.4421844482422,1139.52978515625,695.7277221679688,400.8160095214844
2019-12-12,588.6889038085938,590.51318359375,169.11566162109375,1153.4097900390625,698.3104248046875,404.87261962890625
2019-12-13,588.805419921875,598.2511596679688,171.27789306640625,1176.4833984375,704.8563232421875,409.6287841796875
2019-12-16,585.7771606445312,600.5218505859375,167.9459228515625,1174.41064453125,697.5979614257812,405.80523681640625
2019-12-17,592.18310546875,613.7267456054688,170.88796997070312,1187.885009765625,695.861328125,400.1166076660156
2019-12-18,602.0830688476562,616.0396118164062,173.79457092285156,1189.14697265625,701.7169189453125,410.09503173828125
2019-12-19,600.4293212890625,614.6939086914062,173.22744750976562,1182.2969970703125,716.9014282226562,404.3597717285156
2019-12-20,604.1096801757812,615.28271484375,170.95887756347656,1182.116943359375,712.0700073242188,401.2822570800781
2019-12-23,606.7651977539062,619.025390625,169.36380004882812,1181.846435546875,699.7354125976562,399.51043701171875
2019-12-24,600.5923461914062,616.838623046875,169.25743103027344,1172.6077880859375,688.6253051757812,400.8160095214844
2019-12-26,591.8802490234375,613.0958251953125,167.875,1153.049560546875,674.7988891601562,393.681884765625
2019-12-27,594.0,619.8245239257812,167.9459228515625,1171.3460693359375,686.799560546875,397.272216796875
2019-12-30,597.3311157226562,616.4180908203125,168.86753845214844,1173.77978515625,687.6233520507812,401.1424255371094
2019-12-31,592.6489868164062,614.9462890625,168.51304626464844,1170.0843505859375,674.1976928710938,403.3805236816406
2020-01-01,595.6771850585938,619.7402954101562,168.79661560058594,1180.6746826171875,672.2161254882812,405.0125427246094
2020-01-02,599.47412109375,617.9320068359375,170.03724670410156,1212.5360107421875,683.6602172851562,405.6187438964844
2020-01-03,590.9252319335938,627.43603515625,169.08018493652344,1203.2974853515625,684.4840698242188,414.617919921875
2020-01-06,578.13671875,621.4225463867188,166.66983032226562,1186.8037109375,668.6093139648438,410.2814636230469
2020-01-07,587.2913208007812,612.2128295898438,166.8470458984375,1190.183349609375,678.8956298828125,416.29656982421875
2020-01-08,585.7539672851562,604.0543823242188,166.03179931640625,1164.090576171875,673.7969970703125,410.42144775390625
2020-01-09,592.3228759765625,611.91845703125,167.16610717773438,1186.2628173828125,689.3154296875,410.1883239746094
2020-01-10,597.58740234375,620.8336791992188,168.7257537841797,1193.8787841796875,689.15966796875,413.6854553222656
2020-01-13,599.1248168945312,650.6073608398438,169.6118927001953,1202.9820556640625,687.4007568359375,414.617919921875
2020-01-14,600.75537109375,652.373779296875,172.4476318359375,1195.230712890625,681.0330200195312,415.9234619140625
2020-01-15,598.3095092773438,645.5609741210938,171.84503173828125,1192.977783203125,678.5616455078125,418.7678527832031
2020-01-16,599.8934936523438,645.0984497070312,170.67529296875,1189.1019287109375,684.8179321289062,418.7678527832031
2020-01-17,595.4676513671875,645.8134155273438,170.108154296875,1175.491943359375,704.01025390625,423.94354248046875
2020-01-20,584.6358032226562,646.3181762695312,171.49057006835938,1180.3592529296875,682.3467407226562,419.1408996582031
2020-01-21,579.7208251953125,641.313720703125,169.04473876953125,1173.824462890625,683.0369262695312,417.2291259765625
2020-01-22,578.0902099609375,647.7899780273438,168.76119995117188,1166.4788818359375,682.7919311523438,416.2032775878906
2020-01-23,579.9536743164062,659.6909790039062,168.6548309326172,1200.81884765625,679.8975219726562,419.5138854980469
2020-01-24,579.81396484375,658.3453369140625,168.83209228515625,1225.0643310546875,677.537353515625,417.6021423339844
2020-01-27,565.2084350585938,654.4343872070312,166.31539916992188,1215.51025390625,670.8580932617188,418.16168212890625
2020-01-28,569.8673706054688,654.3502197265625,163.5859832763672,1213.7528076171875,655.36181640625,422.3582458496094
2020-01-29,575.7607421875,664.190673828125,167.7686767578125,1230.922607421875,658.9686889648438,419.7470397949219
2020-01-30,571.1951904296875,656.6211547851562,165.92544555664062,1234.9786376953125,642.8935546875,412.2865295410156
2020-01-31,571.3115844726562,652.6260986328125,166.70529174804688,1234.1676025390625,628.599609375,405.0125427246094
2020-02-03,555.7044677734375,645.43505859375,147.17420959472656,1159.674072265625,616.9552001953125,389.3920593261719
2020-02-04,572.942138671875,662.6346435546875,152.88113403320312,1164.2705078125,635.167724609375,396.9458923339844
2020-02-05,579.8604736328125,659.859130859375,153.44827270507812,1180.764892578125,645.0086669921875,397.5054626464844
2020-02-06,577.6010131835938,648.7572021484375,151.39234924316406,1187.56982421875,649.1500244140625,401.60870361328125
2020-02-07,578.718994140625,653.7615356445312,151.28602600097656,1170.8052978515625,638.3961181640625,401.74853515625
2020-02-10,577.8339233398438,650.3131103515625,149.2655792236328,1158.4573974609375,639.2644653320312,391.9566345214844
2020-02-11,577.9736938476562,650.6073608398438,150.7188720703125,1159.8992919921875,646.9012451171875,390.3246154785156
2020-02-12,581.8870239257812,656.91552734375,151.03790283203125,1169.2730712890625,654.716064453125,386.6410217285156
2020-02-13,578.3464965820312,666.3355102539062,150.22262573242188,1164.7215576171875,656.4304809570312,390.6976318359375
2020-02-14,568.0736694335938,661.4572143554688,147.2451171875,1167.33544921875,662.4197998046875,390.3246154785156
2020-02-17,567.048828125,663.9804077148438,145.18922424316406,1153.860595703125,658.2561645507812,383.6086730957031
2020-02-18,565.2317504882812,670.877197265625,144.5157012939453,1159.4036865234375,653.4247436523438,383.843505859375
2020-02-19,571.7308349609375,673.2322387695312,146.5361785888672,1154.942138671875,669.6334228515625,379.0531005859375
2020-02-20,567.0254516601562,670.33056640625,147.06787109375,1154.2210693359375,661.6849975585938,380.3681640625
2020-02-24,563.6943359375,669.36328125,143.9131317138672,1135.383544921875,643.4279174804688,373.6990966796875
2020-02-25,559.1985473632812,671.508056640625,143.06240844726562,1119.4755859375,630.7147827148438,365.2923889160156
2020-02-26,558.7094116210938,658.3453369140625,140.7938232421875,1091.6248779296875,619.849609375,351.9543762207031
2020-02-27,558.8026123046875,654.2240600585938,140.04945373535156,1090.9036865234375,617.2891845703125,364.9166564941406
2020-02-28,548.6463623046875,615.408935546875,140.04945373535156,1070.35400390625,591.6401977539062,350.2635803222656
2020-03-02,549.5547485351562,623.2728271484375,138.45436096191406,1046.333984375,586.073974609375,347.0700378417969
2020-03-03,550.579833984375,628.2772216796875,137.42640686035156,1064.720703125,597.9632568359375,369.66009521484375
2020-03-04,535.2289428710938,638.1597290039062,132.92471313476562,1060.529541015625,596.5606689453125,380.8377685546875
2020-03-05,536.3936767578125,634.669189453125,133.3146209716797,1065.75732421875,583.8475952148438,380.3211364746094
2020-03-06,528.7299194335938,621.5065307617188,128.84829711914062,1044.5313720703125,565.9689331054688,376.5639343261719
2020-03-09,515.8716430664062,592.4896850585938,125.62271118164062,993.2015380859375,496.12457275390625,369.4722595214844
2020-03-11,518.8997802734375,576.9720458984375,124.52384185791016,1006.72119140625,513.669189453125,362.521484375
2020-03-12,475.8056945800781,530.8816528320312,110.45156860351562,916.2294311523438,473.34771728515625,333.2624206542969
2020-03-13,498.4010009765625,540.259521484375,115.02413940429688,947.685302734375,492.1837463378906,360.87774658203125
2020-03-16,465.6493835449219,490.46832275390625,104.39018249511719,873.1016235351562,452.2853698730469,346.1777038574219
2020-03-17,454.28192138671875,466.7502136230469,105.73715209960938,862.3309326171875,448.8565979003906,347.6805725097656
2020-03-18,408.53228759765625,449.3822021484375,106.83599853515625,815.2824096679688,431.2674865722656,340.7298278808594
2020-03-19,417.220947265625,458.8441467285156,114.74059295654297,759.8968505859375,408.6465148925781,338.5224304199219
2020-03-20,411.3042297363281,492.1923828125,124.41751861572266,779.3651733398438,453.2872619628906,343.0780334472656
2020-03-23,359.4515380859375,442.77978515625,109.38813781738281,652.5955810546875,393.6623840332031,304.8017578125
2020-03-24,357.65789794921875,496.0614318847656,106.12706756591797,646.974853515625,420.090576171875,314.80523681640625
2020-03-25,399.1446838378906,509.8549499511719,104.46107482910156,699.845947265625,481.9197082519531,326.54638671875
2020-03-26,419.8066101074219,540.80615234375,110.87690734863281,765.8777465820312,474.7727355957031,317.76397705078125
2020-03-27,421.3673400878906,548.9646606445312,115.69764709472656,765.0095825195312,474.50555419921875,317.7170715332031
2020-03-30,387.45111083984375,527.0967407226562,112.86193084716797,729.9144897460938,458.8534240722656,312.5038757324219
2020-03-31,401.5440368652344,539.5446166992188,121.72355651855469,738.916748046875,495.9465026855469,330.9141540527344
2020-04-01,386.51934814453125,506.99530029296875,117.96623229980469,707.705810546875,481.1181640625,322.6953430175781
2020-04-03,379.15838623046875,492.613037109375,126.11894989013672,707.97998046875,479.7822570800781,353.1285705566406
2020-04-07,417.4772033691406,537.44189453125,128.70654296875,732.65625,537.0693969726562,392.015380859375
2020-04-08,414.12286376953125,531.2178955078125,126.650634765625,737.63720703125,530.8575439453125,410.1908264160156
2020-04-09,430.9645080566406,535.1290893554688,131.32958984375,742.8465576171875,543.2366333007812,426.8632507324219
2020-04-13,417.1277770996094,536.0963134765625,128.7419891357422,790.96533203125,529.5216674804688,434.2836608886719
2020-04-15,402.1963195800781,537.4839477539062,134.2362060546875,804.400146484375,512.0216064453125,421.9319763183594
2020-04-16,409.8600158691406,524.6997680664062,132.1094207763672,833.189208984375,520.1259765625,435.5517883300781
2020-04-17,424.09271240234375,528.8209838867188,133.3500518798828,852.6102905273438,545.0400390625,429.3524169921875
2020-04-20,440.18896484375,549.46923828125,128.10394287109375,836.7991943359375,553.8570556640625,444.6629638671875
2020-04-21,429.38055419921875,532.5637817382812,127.32413482666016,795.443603515625,550.98486328125,444.4281005859375
2020-04-22,432.618408203125,539.8389892578125,129.2028045654297,779.2213134765625,607.203125,445.5552978515625
2020-04-23,444.8943786621094,571.3369140625,127.99761962890625,768.2539672851562,610.453857421875,448.4671630859375
2020-04-24,437.02099609375,553.4220581054688,127.64315795898438,777.9417724609375,630.9819946289062,456.075439453125
2020-04-27,433.1308288574219,558.97314453125,127.50138092041016,781.6432495117188,636.659423828125,460.16131591796875
2020-04-28,433.9228820800781,555.6931762695312,127.2177734375,783.3797607421875,635.947021484375,445.1795959472656
2020-04-29,455.2136535644531,569.0241088867188,129.13192749023438,800.0133666992188,635.41259765625,448.65496826171875
2020-04-30,466.7209777832031,601.7835083007812,129.06101989746094,820.3026733398438,652.8013916015625,436.25628662109375
2020-05-04,430.0094299316406,566.6268920898438,123.38957214355469,777.43896484375,639.0863037109375,437.19561767578125
2020-05-05,424.6285095214844,566.6268920898438,123.28321838378906,764.8724975585938,650.4190063476562,428.6009826660156
2020-05-06,440.91107177734375,560.0665893554688,116.19391632080078,765.238037109375,650.463623046875,426.8163146972656
2020-05-07,430.9411926269531,559.2677001953125,114.13797760009766,752.0316162109375,671.0361938476562,424.7498779296875
2020-05-08,432.8280334472656,567.0474853515625,112.18843841552734,745.7255249023438,695.4605712890625,440.530029296875
2020-05-11,426.6551208496094,574.3648071289062,112.33021545410156,750.8892211914062,702.1399536132812,435.692626953125
2020-05-12,420.0162353515625,578.35986328125,117.0091552734375,744.674560546875,658.7015380859375,435.7396545410156
2020-05-13,432.1758117675781,583.8265991210938,117.2573013305664,788.6348266601562,672.6769409179688,424.8907165527344
2020-05-14,416.35906982421875,553.5484619140625,116.12300109863281,796.6317138671875,645.4814453125,428.27227783203125
2020-05-15,413.7734680175781,548.628173828125,116.7255859375,790.0056762695312,656.0225219726562,421.3683776855469
2020-05-18,389.780517578125,558.3844604492188,116.79650115966797,743.3493041992188,647.6390380859375,413.9479064941406
2020-05-19,386.9852600097656,562.3374633789062,121.05007934570312,727.8124389648438,633.3219604492188,414.8872985839844
2020-05-20,399.3077697753906,563.1364135742188,124.5947494506836,763.135986328125,644.469970703125,428.08441162109375
2020-05-21,400.44921875,565.3654174804688,133.95263671875,749.8839721679688,647.8637084960938,438.13482666015625
2020-05-22,390.8053894042969,582.3129272460938,132.1094207763672,745.4971313476562,643.50341796875,440.90570068359375
2020-05-26,397.1181640625,572.3883056640625,135.9022216796875,754.499267578125,640.132080078125,431.2779541015625
2020-05-27,420.9946594238281,593.330810546875,136.2212371826172,777.621826171875,649.7966918945312,423.5287780761719
2020-05-28,440.3753662109375,594.970947265625,135.1578369140625,827.568359375,661.7986450195312,431.23101806640625
2020-05-29,443.35699462890625,589.0885009765625,139.90768432617188,852.0161743164062,658.2700805664062,445.46136474609375
2020-06-01,460.12872314453125,596.3775024414062,142.17625427246094,848.26904296875,683.42041015625,437.1486511230469
2020-06-02,466.3482666015625,603.6664428710938,139.8367919921875,864.0802001953125,690.3204345703125,444.38116455078125
2020-06-03,476.24822998046875,598.08251953125,139.4468536376953,878.56591796875,692.9950561523438,447.24603271484375
2020-06-04,466.67437744140625,603.3681640625,141.89268493652344,850.599609375,710.14404296875,464.8108825683594
2020-06-05,481.4195251464844,599.78759765625,141.78634643554688,873.0367431640625,710.9981079101562,464.24725341796875
2020-06-08,473.2898864746094,614.5361328125,140.12034606933594,878.6117553710938,705.5139770507812,459.3159484863281
2020-06-09,459.9657287597656,611.7654418945312,140.72293090820312,871.2545166015625,690.9722900390625,470.3526611328125
2020-06-10,462.08544921875,610.2735595703125,141.1128387451172,865.0855102539062,706.705322265625,468.849853515625
2020-06-11,451.253662109375,600.1287231445312,137.70997619628906,850.37109375,691.2195434570312,444.8977355957031
2020-06-12,457.8459167480469,589.9837646484375,137.4618377685547,846.669677734375,714.1898193359375,450.9562683105469
2020-06-15,442.51837158203125,586.1472778320312,132.7119903564453,822.450439453125,725.7647094726562,456.3102111816406
2020-06-16,461.409912109375,597.7841796875,131.15232849121094,818.017822265625,727.1807250976562,454.055908203125
2020-06-17,456.2153625488281,599.8728637695312,128.4584197998047,808.6499633789062,726.124267578125,456.16937255859375
2020-06-18,475.1767272949219,608.6112060546875,132.2866668701172,819.4801025390625,744.3521728515625,454.8543701171875
2020-06-19,481.4195251464844,601.4925537109375,130.47889709472656,820.8967895507812,790.8770751953125,458.4705505371094
2020-06-22,479.2764892578125,599.91552734375,131.15232849121094,829.3506469726562,784.9209594726562,463.26104736328125
2020-06-23,485.5892028808594,614.3656616210938,131.75494384765625,884.3238525390625,773.5707397460938,470.07098388671875
2020-06-24,481.0235595703125,608.8242797851562,136.008544921875,873.3108520507812,776.6947631835938,454.9952087402344
2020-06-25,479.2764892578125,597.1874389648438,143.27508544921875,861.9324340820312,772.2221069335938,458.04791259765625
2020-06-26,492.18145751953125,637.8524780273438,138.38345336914062,879.388671875,782.898193359375,450.81536865234375
2020-06-29,501.3127746582031,623.8285522460938,139.8367919921875,855.9918212890625,774.5820922851562,452.7408752441406
2020-06-30,496.5606994628906,627.4091186523438,137.99354553222656,862.4351196289062,766.0188598632812,444.240234375
2020-07-01,505.2960205078125,623.9564819335938,143.8422393798828,844.7503662109375,781.07763671875,439.731689453125
2020-07-02,507.5323181152344,645.0134887695312,145.93359375,860.2872924804688,794.524169921875,444.2872009277344
2020-07-03,500.3343200683594,650.2139892578125,147.13877868652344,862.9834594726562,806.9585571289062,447.903564453125
2020-07-06,513.8682861328125,651.3221435546875,149.2231903076172,869.335205078125,835.799560546875,451.0501403808594
2020-07-07,514.869873046875,677.025634765625,145.07810974121094,862.3893432617188,823.0038452148438,450.1578369140625
2020-07-08,517.29248046875,660.4439697265625,146.60916137695312,860.2415771484375,811.5173950195312,453.21051025390625
2020-07-09,524.0944213867188,666.4117431640625,145.97434997558594,863.6232299804688,823.3650512695312,452.69390869140625
2020-07-10,514.8466186523438,666.5396118164062,145.15280151367188,851.9248657226562,847.6473999023438,463.9185791015625
2020-07-13,503.2695007324219,679.4979248046875,147.54275512695312,848.26904296875,873.3515014648438,469.3664855957031
2020-07-14,493.2995910644531,667.7330932617188,146.3104248046875,834.33154296875,865.2272338867188,462.2278137207031
2020-07-15,490.64404296875,708.3981323242188,148.40162658691406,833.6918334960938,832.279052734375,465.0456848144531
2020-07-16,495.02337646484375,776.64208984375,144.77935791015625,841.8714599609375,832.0083618164062,469.3664855957031
2020-07-17,511.7485046386719,769.9498291015625,144.92874145507812,845.8929443359375,862.8351440429688,473.0296936035156
2020-07-20,527.8681030273438,796.5057373046875,143.92047119140625,840.4549560546875,866.5360717773438,454.4316101074219
2020-07-21,530.4304809570312,798.5942993164062,143.58438110351562,857.3170776367188,889.84814453125,448.2791748046875
2020-07-22,524.74658203125,782.5243530273438,146.79588317871094,841.64306640625,904.4942016601562,445.5083312988281
2020-07-23,526.6334838867188,774.0418701171875,149.8953857421875,837.6674194335938,928.7765502929688,447.1051025390625
2020-07-24,521.3689575195312,786.7444458007812,149.07382202148438,826.5631103515625,968.6528930664062,456.1224060058594
2020-07-27,502.91998291015625,808.56884765625,146.683837890625,826.0146484375,973.1889038085938,446.6354675292969
2020-07-28,506.2510681152344,820.8450927734375,145.93701171875,834.8799438476562,982.8927001953125,453.3044738769531
2020-07-29,495.9783630371094,813.42822265625,146.90789794921875,842.6027221679688,946.3113403320312,463.07318115234375
2020-07-30,489.4793701171875,819.6514892578125,144.4059295654297,830.0817260742188,951.8176879882812,478.9942626953125
2020-07-31,481.1634216308594,823.5304565429688,145.00343322753906,834.834228515625,932.9740600585938,499.42401123046875
2020-08-03,466.814208984375,815.7725219726562,143.84576416015625,837.0734252929688,906.7509155273438,487.87054443359375
2020-08-04,485.2864074707031,809.76220703125,144.6300048828125,844.7046508789062,970.6613159179688,496.84088134765625
2020-08-05,478.71746826171875,805.3717651367188,143.99514770507812,853.4629516601562,959.7613525390625,496.7469787597656
2020-08-06,484.8437805175781,827.6651000976562,145.89967346191406,850.14404296875,963.214111328125,499.94049072265625
2020-08-07,486.3113098144531,810.6574096679688,146.4224395751953,844.1516723632812,968.7882690429688,494.02301025390625
2020-08-10,489.4793701171875,811.0410766601562,148.51368713378906,885.0846557617188,956.7825317382812,510.8364562988281
2020-08-11,496.9334716796875,808.56884765625,151.65049743652344,886.790283203125,963.0787353515625,508.2063293457031
2020-08-12,495.55908203125,814.1102905273438,152.50936889648438,875.5888671875,960.2803955078125,499.84661865234375
2020-08-13,493.3927917480469,810.9132080078125,150.45550537109375,913.3414306640625,957.7754516601562,489.185546875
2020-08-14,481.9320373535156,812.9591064453125,146.683837890625,906.0581665039062,954.0518188476562,499.09515380859375
2020-08-17,481.1400146484375,816.2840576171875,148.43902587890625,922.652587890625,943.919189453125,496.2772216796875
2020-08-18,492.2048034667969,824.851806640625,148.2896270751953,926.1098022460938,956.19580078125,494.06988525390625
2020-08-19,496.9100646972656,817.8185424804688,148.2149200439453,930.3045654296875,962.0631713867188,494.4465026855469
2020-08-20,493.36944580078125,814.28076171875,146.23573303222656,917.9969482421875,946.4917602539062,491.5290832519531
2020-08-21,505.7852783203125,808.8671264648438,146.9826202392578,916.5219116210938,939.6314697265625,500.98687744140625
2020-08-24,520.4140014648438,807.6736450195312,146.90789794921875,913.9405517578125,945.9050903320312,502.02215576171875
2020-08-25,521.6484375,799.7453002929688,145.93701171875,903.8455810546875,939.7442016601562,494.1640319824219
2020-08-26,521.066162109375,810.5721435546875,145.60092163085938,893.2896728515625,964.6583251953125,494.21112060546875
2020-08-27,518.1077880859375,807.3751831054688,145.07810974121094,899.42041015625,952.6074829101562,500.892822265625
2020-08-28,519.2259521484375,797.3155517578125,146.049072265625,905.1823120117188,955.1124877929688,523.0082397460938
2020-08-31,519.8547973632812,791.6463012695312,142.72549438476562,871.1636962890625,939.1124267578125,489.599853515625
2020-09-01,525.1892700195312,779.3274536132812,142.05331420898438,880.6133422851562,942.068603515625,490.7291259765625
2020-09-02,528.3805541992188,787.7247924804688,142.91221618652344,880.9359741210938,960.55126953125,484.18853759765625
2020-09-03,526.8663940429688,797.5713500976562,143.09890747070312,886.0986938476562,953.28466796875,492.61126708984375
2020-09-04,521.4622192382812,783.590087890625,139.43931579589844,868.9049072265625,937.55517578125,482.2593688964844
2020-09-07,517.3623657226562,788.619873046875,141.2317657470703,859.3630981445312,939.9925537109375,483.01220703125
2020-09-08,518.2708740234375,800.7681884765625,140.52223205566406,845.1196899414062,951.02783203125,472.3309020996094
2020-09-09,510.8400573730469,790.9217529296875,137.2733917236328,838.4818725585938,975.5132446289062,479.294921875
2020-09-10,508.0680236816406,801.4075927734375,138.09495544433594,849.0377807617188,1044.4110107421875,478.0243835449219
2020-09-11,502.52398681640625,806.2243041992188,137.3854217529297,845.7649536132812,1047.00634765625,475.76580810546875
2020-09-14,492.8802185058594,834.1016845703125,136.9373016357422,831.6596069335938,1039.2431640625,466.5902099609375
2020-09-15,498.72711181640625,837.5543212890625,135.77964782714844,838.896728515625,1046.5999755859375,476.56573486328125
2020-09-16,509.5122375488281,854.0079345703125,134.92076110839844,849.8213500976562,1049.1724853515625,487.952880859375
2020-09-17,504.83013916015625,861.8936767578125,133.3896942138672,835.5316772460938,1037.5279541015625,481.8358459472656
2020-09-18,492.5774841308594,854.348876953125,133.76312255859375,830.3689575195312,1040.6649169921875,492.51708984375
2020-09-21,488.8504333496094,860.9558715820312,131.2611541748047,812.9908447265625,1018.1654052734375,473.9777526855469
2020-09-22,482.3746643066406,858.9097900390625,130.10348510742188,789.6202392578125,997.9903564453125,478.8714599609375
2020-09-23,487.8953552246094,869.3531494140625,128.8338623046875,793.4000854492188,1006.8590698242188,473.27191162109375
2020-09-24,480.0451965332031,831.544189453125,124.39000701904297,784.2731323242188,984.4725341796875,457.1793518066406
2020-09-25,486.3812255859375,862.2774047851562,127.52681732177734,819.8131103515625,993.7249755859375,460.8026123046875
2020-09-28,491.1331787109375,861.3821411132812,129.4313507080078,832.3510131835938,1000.2921142578125,480.04779052734375
2020-09-29,495.02337646484375,860.1886596679688,126.5185775756836,825.52880859375,1013.2908935546875,476.3304443359375
2020-09-30,502.500732421875,859.5492553710938,128.2363739013672,831.1986083984375,1008.46142578125,470.9663391113281
2020-10-01,515.7085571289062,867.5628662109375,127.60152435302734,832.3049926757812,1004.3541870117188,477.0363464355469
2020-10-05,519.1559448242188,894.0335083007812,126.40653228759766,826.9116821289062,998.464111328125,492.2818908691406
2020-10-06,533.0159912109375,900.043701171875,126.89199829101562,822.9014282226562,997.629150390625,490.35272216796875
2020-10-07,541.4718627929688,909.2509765625,126.59322357177734,818.5684204101562,1018.9100952148438,481.6005859375
2020-10-08,555.2386474609375,932.396728515625,124.83810424804688,812.2533569335938,1010.6729125976562,493.2228698730469
2020-10-09,574.689208984375,943.5648193359375,125.36092376708984,837.5138549804688,1008.05517578125,482.68280029296875
2020-10-12,565.4181518554688,965.1332397460938,128.6097869873047,835.0245971679688,1009.6800537109375,483.6239318847656
2020-10-13,558.336669921875,987.0430297851562,127.07870483398438,826.4508666992188,1029.38134765625,473.50726318359375
2020-10-14,564.41650390625,969.3106689453125,125.3235855102539,843.7366943359375,1032.450439453125,472.6132507324219
2020-10-15,544.73291015625,944.8008422851562,123.26971435546875,819.398193359375,995.8915405273438,461.4142761230469
2020-10-16,558.756103515625,961.2117919921875,123.75517272949219,824.2842407226562,982.0352172851562,458.2145690917969
2020-10-19,560.7127685546875,959.84765625,125.65968322753906,832.3971557617188,982.2157592773438,455.15606689453125
2020-10-20,570.2167358398438,969.7369384765625,125.06218719482422,845.6727905273438,973.053466796875,457.697021484375
2020-10-21,580.8155517578125,978.9866333007812,125.21154022216797,852.2644653320312,958.9263916015625,461.3202209472656
2020-10-22,574.5728149414062,962.5330810546875,125.88371276855469,863.1891479492188,950.9601440429688,456.9441223144531
2020-10-23,575.7374877929688,967.2291870117188,127.52681732177734,867.7525634765625,953.7133178710938,455.9559020996094
2020-10-26,564.1370849609375,958.5693359375,125.88371276855469,877.4327392578125,915.8229370117188,446.5451354980469
2020-10-27,574.4794921875,939.9572143554688,124.87544250488281,905.2745971679688,918.2601928710938,442.7336730957031
2020-10-28,563.5313110351562,927.6354370117188,123.60580444335938,906.1043090820312,907.8567504882812,436.09906005859375
2020-10-29,553.0955810546875,926.1705322265625,122.37347412109375,861.5297241210938,914.8300170898438,429.46441650390625
2020-10-30,551.3951416015625,913.8916015625,123.41908264160156,856.9201049804688,927.287109375,438.310546875
2020-11-02,566.16357421875,923.9733276367188,124.53936004638672,856.7356567382812,847.3765869140625,441.7455749511719
2020-11-03,581.3978271484375,915.5719604492188,127.04136657714844,873.7450561523438,835.1677856445312,456.9911804199219
2020-11-04,585.8005981445312,942.62841796875,126.81729888916016,883.2366333007812,863.51220703125,474.91888427734375
2020-11-05,591.2978515625,951.2882690429688,130.51429748535156,900.3872680664062,882.3783569335938,482.3063659667969
2020-11-06,609.2110595703125,958.8280639648438,129.91676330566406,902.8776245117188,915.8455810546875,479.15374755859375
2020-11-09,624.53857421875,979.3358154296875,129.05789184570312,907.6705322265625,925.572021484375,480.0947570800781
2020-11-10,649.2770385742188,940.1298217773438,133.2030029296875,971.4334106445312,940.8499755859375,461.97894287109375
2020-11-11,647.55322265625,967.2291870117188,138.39369201660156,995.63232421875,901.425048828125,476.23638916015625
2020-11-12,639.0508422851562,963.1364135742188,140.41021728515625,1008.55419921875,893.6619262695312,479.2478942871094
2020-11-13,633.041015625,968.694091796875,139.73805236816406,988.1611938476562,901.06396484375,478.4950256347656
2020-11-14,638.1190185546875,976.66455078125,140.8583221435547,995.3973999023438,903.7269287109375,483.7180480957031
2020-11-17,656.1719970703125,968.2633056640625,139.9247589111328,1015.7904052734375,899.642333984375,487.8587646484375
2020-11-18,656.2884521484375,956.932373046875,137.46011352539062,1078.9893798828125,896.9116821289062,482.77691650390625
2020-11-19,640.285400390625,945.0413818359375,140.33555603027344,1065.9267578125,890.5702514648438,477.4598083496094
2020-11-20,653.935791015625,950.7282104492188,143.1736297607422,1064.09423828125,857.3287353515625,473.6012878417969
2020-11-23,649.719482421875,982.1793212890625,142.5387725830078,1058.032470703125,880.4376220703125,482.6357421875
2020-11-24,670.0320434570312,982.3516235351562,146.049072265625,1067.101318359375,886.4630126953125,489.5057373046875
2020-11-25,653.539794921875,961.3268432617188,144.77935791015625,1048.7760009765625,879.1286010742188,476.3775634765625
2020-11-26,664.651123046875,959.2156372070312,145.48887634277344,1051.4542236328125,881.2951049804688,481.5534973144531
2020-11-27,671.2667236328125,947.8414916992188,144.6300048828125,1054.7904052734375,871.0044555664062,481.5064697265625
2020-12-01,667.749267578125,980.4560546875,145.1901397705078,1048.7288818359375,882.3331909179688,507.5744323730469
2020-12-02,655.47314453125,983.0840454101562,146.3477783203125,1046.66162109375,883.8001098632812,512.5623168945312
2020-12-03,641.6131591796875,970.6329345703125,146.5344696044922,1057.3748779296875,886.4630126953125,515.9501953125
2020-12-04,645.5266723632812,977.6985473632812,148.0281982421875,1080.258056640625,878.65478515625,535.5247802734375
2020-12-07,639.3070678710938,985.324462890625,151.72520446777344,1099.2412109375,883.8226318359375,547.9942016601562
2020-12-08,641.19384765625,993.8119506835938,151.20237731933594,1100.8389892578125,899.867919921875,535.1953735351562
2020-12-09,655.5896606445312,1012.6392822265625,153.40562438964844,1109.860595703125,914.8525390625,535.995361328125
2020-12-10,645.64306640625,1006.2200927734375,158.8577423095703,1118.6474609375,905.8482666015625,531.9015502929688
2020-12-11,644.2222900390625,1002.29931640625,161.54641723632812,1122.3594970703125,905.3067016601562,534.6307983398438
2020-12-14,639.2606201171875,1003.4627685546875,161.24769592285156,1174.3753662109375,898.7621459960938,542.300537109375
2020-12-15,648.1822509765625,994.8890380859375,159.4925537109375,1171.1802978515625,891.11181640625,537.9716186523438
2020-12-16,657.22021484375,1004.4534912109375,159.82867431640625,1191.85498046875,892.1049194335938,542.6299438476562
2020-12-17,671.709228515625,998.8525390625,159.11912536621094,1201.76953125,896.1895141601562,537.6892700195312
2020-12-18,657.5230712890625,1025.2200927734375,160.20205688476562,1204.3538818359375,898.8749389648438,541.1242065429688
2020-12-21,639.4934692382812,1014.4489135742188,151.57583618164062,1160.466796875,875.4728393554688,519.9968872070312
2020-12-22,639.7030029296875,1051.67333984375,151.9119110107422,1186.6392822265625,874.1187744140625,534.8189697265625
2020-12-23,640.89111328125,1079.7208251953125,155.16073608398438,1188.6129150390625,877.3458862304688,540.7476806640625
2020-12-24,650.88427734375,1065.072509765625,155.7955780029297,1186.1693115234375,900.048583984375,555.6640014648438
2020-12-28,658.2218627929688,1068.7347412109375,156.4677734375,1211.731201171875,904.1783447265625,552.3702392578125
2020-12-29,664.9072875976562,1077.351318359375,157.99880981445312,1207.4549560546875,898.1980590820312,555.8051147460938
2020-12-30,667.37646484375,1074.3353271484375,157.70008850097656,1214.2213134765625,900.65771484375,549.5940551757812
2020-12-31,669.1469116210938,1082.090576171875,156.09434509277344,1210.0394287109375,896.0540161132812,557.4520263671875
2021-01-01,663.9057006835938,1086.09716796875,159.71661376953125,1218.8731689453125,897.047119140625,561.122314453125
2021-01-04,659.689453125,1110.0516357421875,159.3805389404297,1235.4129638671875,898.55908203125,568.7921142578125
2021-01-05,664.6743774414062,1114.8341064453125,157.92413330078125,1227.613037109375,887.3883056640625,567.898193359375
2021-01-06,661.8091430664062,1104.75244140625,153.40562438964844,1234.84912109375,863.9860229492188,569.6390991210938
2021-01-07,659.8059692382812,1087.5618896484375,151.46380615234375,1258.2962646484375,862.5868530273438,566.439453125
2021-01-08,666.9805908203125,1130.6026611328125,150.4928741455078,1290.671142578125,872.7647094726562,584.2258911132812
2021-01-11,676.2048950195312,1185.8360595703125,151.23973083496094,1268.6807861328125,856.313232421875,584.4142456054688
2021-01-12,689.9718017578125,1182.0015869140625,154.1898193359375,1268.4927978515625,883.3036499023438,573.73291015625
2021-01-13,685.1500244140625,1195.2713623046875,157.77476501464844,1271.030029296875,875.0665283203125,566.8157958984375
2021-01-14,684.2647705078125,1180.9244384765625,159.940673828125,1293.678466796875,884.9059448242188,571.2860107421875
2021-01-15,683.286376953125,1158.9085693359375,162.70408630371094,1272.5806884765625,874.4572143554688,568.6980590820312
2021-01-18,690.9501342773438,1130.5596923828125,164.12310791015625,1255.571044921875,895.44482421875,547.1941528320312
2021-01-19,700.6171875,1134.5233154296875,163.450927734375,1287.3349609375,910.0909423828125,561.4046630859375
2021-01-20,695.0965576171875,1154.16943359375,162.55471801757812,1299.3638916015625,927.3773803710938,559.6636352539062
2021-01-21,687.0833740234375,1154.384765625,159.60458374023438,1288.6976318359375,947.552490234375,548.558837890625
2021-01-22,672.5245971679688,1155.3756103515625,157.364013671875,1280.0516357421875,925.0755615234375,541.3124389648438
2021-01-25,681.5159912109375,1141.804443359375,155.19808959960938,1279.2999267578125,876.0594482421875,551.8526611328125
2021-01-27,656.707763671875,1121.0379638671875,157.32667541503906,1277.937255859375,855.297607421875,536.2305908203125
2021-01-28,638.9343872070312,1099.6685791015625,154.30186462402344,1264.3109130859375,846.9703979492188,531.1016845703125
2021-01-29,647.8094482421875,1067.657470703125,151.7998504638672,1254.30224609375,831.3539428710938,551.6644287109375
2021-02-01,687.9918823242188,1086.485107421875,161.2850341796875,1361.576171875,855.4331665039062,555.3816528320312
2021-02-02,727.03271484375,1095.4034423828125,162.96548461914062,1428.62841796875,869.1991577148438,573.5445556640625
2021-02-03,733.671630859375,1106.9498291015625,161.8825225830078,1436.4754638671875,871.3882446289062,592.131103515625
2021-02-04,735.6748657226562,1102.3826904296875,171.7411346435547,1437.6500244140625,868.5220336914062,594.2955932617188
2021-02-05,744.293701171875,1096.1357421875,175.0272979736328,1425.1512451171875,868.2738647460938,597.3540649414062
2021-02-08,747.8577270507812,1123.2354736328125,174.09371948242188,1458.324951171875,880.776123046875,597.260009765625
2021-02-09,750.9324951171875,1124.958740234375,171.0315704345703,1472.0924072265625,882.8973999023438,591.9913940429688
2021-02-10,736.9094848632812,1117.160400390625,169.9486083984375,1459.3116455078125,891.0892944335938,595.3138427734375
2021-02-11,732.5301513671875,1113.84326171875,169.12709045410156,1438.307861328125,927.8287353515625,611.0252075195312
2021-02-12,737.0026245117188,1128.6209716796875,162.4053497314453,1429.7091064453125,921.4647827148438,595.3613891601562
2021-02-15,753.1455078125,1128.49169921875,163.26422119140625,1445.02734375,917.4027099609375,595.693603515625
2021-02-16,757.8275146484375,1111.904296875,163.0028076171875,1456.1165771484375,929.5438842773438,599.1586303710938
2021-02-17,739.1223754882812,1104.0631103515625,162.62937927246094,1455.0826416015625,940.2633056640625,589.760498046875
2021-02-18,724.1209716796875,1113.670654296875,163.450927734375,1432.7633056640625,933.244873046875,584.823974609375
2021-02-19,717.0396118164062,1112.6800537109375,161.2850341796875,1417.9150390625,938.9318237304688,576.5175170898438
2021-02-22,721.1858520507812,1090.190185546875,158.44784545898438,1364.7244873046875,906.3447265625,565.125732421875
2021-02-23,712.404052734375,1091.1810302734375,159.55747985839844,1396.7705078125,913.2728881835938,573.4322509765625
2021-02-24,748.4166259765625,1098.031494140625,159.82533264160156,1434.6429443359375,930.2208251953125,570.9640502929688
2021-02-25,748.3934936523438,1098.2470703125,160.054931640625,1415.7066650390625,967.8405151367188,578.653564453125
2021-02-26,714.8499755859375,1079.936279296875,155.99900817871094,1355.60888671875,941.4142456054688,564.461181640625
2021-03-01,726.2640991210938,1091.7413330078125,158.3330535888672,1384.1307373046875,948.590576171875,573.81201171875
2021-03-02,730.5967407226562,1124.053955078125,160.6288604736328,1396.15966796875,950.5313720703125,583.0679321289062
2021-03-03,739.2854614257812,1157.7025146484375,160.66712951660156,1406.73193359375,993.9055786132812,592.7032470703125
2021-03-04,723.0726928710938,1146.3282470703125,160.4757843017578,1374.4979248046875,982.0577392578125,587.5770263671875
2021-03-05,712.8001098632812,1134.56640625,159.5957489013672,1375.390869140625,983.3440551757812,580.2198486328125
2021-03-08,707.9083251953125,1150.981201171875,159.17489624023438,1423.9295654296875,988.9407958984375,583.637451171875
2021-03-09,727.9412231445312,1159.4256591796875,159.02178955078125,1417.4453125,988.918212890625,581.548828125
2021-03-10,724.7964477539062,1178.8994140625,158.0269775390625,1432.387451171875,984.8109741210938,594.2695922851562
2021-03-12,723.026123046875,1184.6729736328125,157.03211975097656,1422.8018798828125,964.7938842773438,582.4981689453125
2021-03-15,712.1710815429688,1183.595458984375,157.2234344482422,1394.3739013671875,951.8402709960938,574.8087768554688
2021-03-16,704.484130859375,1192.5570068359375,159.0601043701172,1373.7462158203125,948.0941162109375,571.7709350585938
2021-03-17,696.6572265625,1195.1424560546875,161.16455078125,1351.0509033203125,927.6708374023438,555.1105346679688
2021-03-18,694.630615234375,1152.1446533203125,166.55966186523438,1342.076171875,906.796142578125,545.4274291992188
2021-03-19,697.6588745117188,1158.4779052734375,170.6155242919922,1326.2413330078125,939.6990966796875,548.9873657226562
2021-03-22,684.4511108398438,1181.1829833984375,172.94961547851562,1315.7159423828125,930.8527221679688,561.043701171875
2021-03-23,698.8934936523438,1181.829345703125,170.04159545898438,1319.7567138671875,942.1815185546875,558.0533447265625
2021-03-24,688.9468383789062,1166.491455078125,165.25869750976562,1286.67724609375,924.0374755859375,555.6327514648438
2021-03-25,681.7489624023438,1149.301025390625,161.92984008789062,1288.509765625,898.8298950195312,546.5667114257812
2021-03-26,694.7703857421875,1151.3687744140625,161.3941192626953,1314.0711669921875,900.2741088867188,557.436279296875
2021-03-30,723.8414306640625,1193.6773681640625,164.1873321533203,1337.80029296875,915.9132080078125,567.4041137695312
2021-03-31,695.8652954101562,1178.8133544921875,167.2101593017578,1333.4302978515625,904.0879516601562,567.4990234375
2021-04-01,692.650634765625,1193.5909423828125,168.39630126953125,1357.582275390625,912.5507202148438,579.7926025390625
2021-04-05,675.3430786132812,1214.87451171875,162.65679931640625,1319.239990234375,899.3489379882812,577.9415283203125
2021-04-06,670.987060546875,1215.865478515625,162.73338317871094,1316.6085205078125,895.6028442382812,589.0009765625
2021-04-07,674.2249145507812,1232.3663330078125,163.6134033203125,1319.5689697265625,903.9751586914062,589.570556640625
2021-04-08,667.516357421875,1240.681640625,163.1925048828125,1333.6651611328125,905.1035766601562,583.115234375
2021-04-09,662.3682861328125,1241.7156982421875,163.07769775390625,1319.5218505859375,894.5872802734375,604.4747314453125
2021-04-12,636.8844604492188,1228.5318603515625,157.10865783691406,1264.122802734375,862.5868530273438,587.9567260742188
2021-04-13,652.3982543945312,1203.88818359375,159.71055603027344,1290.953125,871.9072265625,595.5512084960938
2021-04-15,666.2583618164062,1172.5230712890625,158.18002319335938,1291.8458251953125,877.5489501953125,601.152099609375
2021-04-16,665.5828857421875,1166.491455078125,159.1365966796875,1277.279541015625,872.0425415039062,613.3034057617188
2021-04-19,658.0123291015625,1174.0743408203125,157.33824157714844,1231.512939453125,858.3217163085938,608.177001953125
2021-04-20,648.2286987304688,1164.423583984375,155.76943969726562,1251.2950439453125,858.0734252929688,612.4489135742188
2021-04-22,662.7176513671875,1164.2078857421875,157.56781005859375,1256.27587890625,860.4429931640625,607.5125732421875
2021-04-23,658.82763671875,1149.301025390625,157.1469268798828,1243.2130126953125,859.517822265625,605.6138305664062
2021-04-26,654.4716186523438,1157.7025146484375,157.10865783691406,1255.4298095703125,874.6377563476562,602.5286254882812
2021-04-27,670.2649536132812,1161.967529296875,157.1851806640625,1297.4842529296875,897.5661010742188,606.8480224609375
2021-04-28,688.01513671875,1168.43017578125,157.26170349121094,1293.0205078125,901.47021484375,610.7876586914062
2021-04-29,686.0118408203125,1168.7318115234375,156.3433837890625,1276.8095703125,913.543701171875,611.8319702148438
2021-04-30,657.9656982421875,1167.008544921875,155.0424346923828,1259.7059326171875,900.2064819335938,621.277587890625
2021-05-03,658.9674072265625,1165.0267333984375,153.77976989746094,1261.6324462890625,884.2062377929688,625.7868041992188
2021-05-04,646.8078002929688,1145.5096435546875,152.7466583251953,1257.027587890625,865.0466918945312,612.4489135742188
2021-05-05,653.446533203125,1155.9359130859375,154.1241455078125,1258.014404296875,866.6264038085938,648.76025390625
2021-05-06,652.6546020507812,1173.2554931640625,155.15724182128906,1259.189208984375,871.546142578125,644.9629516601562
2021-05-07,659.1071166992188,1165.4573974609375,157.1469268798828,1261.8204345703125,871.8846435546875,645.0104370117188
2021-05-10,661.4830932617188,1154.255859375,157.29995727539062,1310.9700927734375,869.379638671875,662.8101806640625
2021-05-11,653.8892822265625,1146.5867919921875,156.11380004882812,1300.2567138671875,872.5165405273438,672.2081909179688
2021-05-12,652.00244140625,1143.441650390625,155.53985595703125,1301.8543701171875,863.489501953125,667.224365234375
2021-05-14,646.1089477539062,1134.3077392578125,162.42723083496094,1330.235107421875,874.3895874023438,656.4021606445312
2021-05-17,670.987060546875,1145.5096435546875,162.695068359375,1303.2169189453125,884.79296875,652.3202514648438
2021-05-18,687.968505859375,1154.6434326171875,160.74366760253906,1331.9267578125,897.2501220703125,655.78515625
2021-05-19,679.3496704101562,1152.058349609375,158.98355102539062,1318.9110107421875,901.357421875,667.7464599609375
2021-05-20,667.516357421875,1154.040283203125,158.4095916748047,1324.83154296875,896.0993041992188,652.0352172851562
2021-05-21,697.565673828125,1167.1376953125,159.9783935546875,1332.631591796875,903.8397827148438,655.4053955078125
2021-05-24,703.458984375,1161.5799560546875,161.85330200195312,1356.3135986328125,896.2119750976562,655.9275512695312
2021-05-25,689.0166625976562,1173.2554931640625,161.3941192626953,1363.5498046875,886.0568237304688,660.81640625
2021-05-26,688.1316528320312,1203.97412109375,161.16455078125,1384.1776123046875,889.1710815429688,668.1261596679688
2021-05-27,690.740478515625,1208.2825927734375,161.58544921875,1393.5281982421875,891.9017333984375,664.0440673828125
2021-05-28,700.430908203125,1210.6954345703125,162.92465209960938,1389.0643310546875,945.4762573242188,635.8021240234375
2021-05-31,706.207763671875,1213.91796875,165.75613403320312,1379.2906494140625,975.039306640625,634.4255981445312
2021-06-01,704.2743530273438,1208.213134765625,164.72303771972656,1385.822265625,978.9208984375,637.0362548828125
2021-06-02,700.6870727539062,1200.76611328125,159.9401397705078,1382.4390869140625,993.5219116210938,643.1118774414062
2021-06-03,708.3974609375,1210.34716796875,159.9783935546875,1419.8416748046875,997.3131713867188,641.2607421875
2021-06-04,699.2661743164062,1206.863037109375,159.7488250732422,1444.933349609375,988.6699829101562,639.7891845703125
2021-06-07,698.753662109375,1210.34716796875,161.81504821777344,1463.963623046875,1005.3245849609375,641.1181640625
2021-06-08,690.9268798828125,1230.640625,163.4985809326172,1455.8345947265625,999.54736328125,644.3460083007812
2021-06-09,689.645751953125,1232.6875,162.61856079101562,1427.7825927734375,981.674072265625,638.7449340820312
2021-06-10,689.9951171875,1240.526123046875,164.80076599121094,1428.158447265625,985.284912109375,641.7827758789062
2021-06-11,692.4642944335938,1260.2103271484375,163.69842529296875,1412.8873291015625,1002.3753051757812,646.7666015625
2021-06-14,689.2496948242188,1273.1875,163.22598266601562,1424.4462890625,1016.7554321289062,642.7794799804688
2021-06-15,694.28125,1283.7265625,163.02914428710938,1419.79443359375,1019.0654296875,639.0772094726562
2021-06-16,691.6490478515625,1289.5618896484375,163.6590576171875,1401.0933837890625,1001.6732788085938,634.6629638671875
2021-06-17,683.0301513671875,1302.365234375,161.9268035888672,1397.9451904296875,1003.5075073242188,631.34033203125
2021-06-18,689.412841796875,1309.3331298828125,161.0606689453125,1387.0909423828125,1008.0367431640625,634.6153564453125
2021-06-21,693.55908203125,1306.72021484375,160.98194885253906,1378.679931640625,1013.29052734375,637.3209228515625
2021-06-22,691.2763061523438,1316.7799072265625,161.49371337890625,1408.893310546875,1008.0820922851562,633.0015258789062
2021-06-23,692.0682983398438,1309.2021484375,160.58824157714844,1390.14501953125,998.842529296875,631.5301513671875
2021-06-24,701.7353515625,1358.020263671875,160.0370635986328,1413.451416015625,975.3587646484375,631.1030883789062
2021-06-25,705.8584594726562,1371.0848388671875,161.45437622070312,1432.05859375,953.1431274414062,638.17529296875
2021-06-28,702.713623046875,1368.994873046875,160.31265258789062,1423.224609375,944.7867431640625,642.0201416015625
2021-06-29,702.8072509765625,1361.373779296875,160.07643127441406,1419.8885498046875,945.60205078125,643.2542724609375
2021-06-30,700.8656005859375,1376.83349609375,159.60398864746094,1410.162109375,955.951171875,641.2132568359375
2021-07-01,695.6483764648438,1359.0654296875,159.8402099609375,1402.4088134765625,950.1991577148438,649.47216796875
2021-07-02,692.67724609375,1365.5107421875,159.36776733398438,1396.15966796875,964.284912109375,646.71923828125
2021-07-05,699.7191162109375,1375.2220458984375,160.35202026367188,1417.1163330078125,973.8641357421875,645.722412109375
2021-07-06,718.0841674804688,1360.63330078125,159.446533203125,1414.8138427734375,962.3600463867188,639.1246948242188
2021-07-07,720.3301391601562,1362.7235107421875,160.43075561523438,1425.104248046875,955.679443359375,645.62744140625
2021-07-08,711.4165649414062,1359.3702392578125,159.05282592773438,1410.3028564453125,947.7760009765625,633.0964965820312
2021-07-09,702.7838134765625,1361.2427978515625,158.541015625,1409.26904296875,938.0835571289062,634.0458374023438
2021-07-12,695.7654418945312,1348.1348876953125,158.34417724609375,1410.3499755859375,943.9262084960938,634.6629638671875
2021-07-13,702.713623046875,1345.6090087890625,158.93472290039062,1422.4259033203125,950.9917602539062,648.3804931640625
2021-07-14,701.4503173828125,1373.4365234375,160.7063446044922,1451.6524658203125,944.7867431640625,651.1810302734375
2021-07-15,711.5335693359375,1376.83349609375,162.39923095703125,1512.4083251953125,943.1336059570312,648.3804931640625
2021-07-16,712.3056030273438,1354.754150390625,163.69842529296875,1521.2421875,956.7437744140625,653.6965942382812
2021-07-19,688.279052734375,1342.7781982421875,163.58029174804688,1512.6431884765625,950.652099609375,654.3135986328125
2021-07-20,675.2481079101562,1350.05078125,162.83230590820312,1494.5528564453125,948.3195190429688,642.1624755859375
2021-07-22,677.8449096679688,1385.0203857421875,162.98974609375,1543.232421875,960.5029907226562,652.4625244140625
2021-07-23,675.0609130859375,1385.2381591796875,167.24168395996094,1514.6636962890625,953.7091674804688,658.8228759765625
2021-07-26,671.22412109375,1396.952880859375,166.2574462890625,1501.3660888671875,940.642578125,667.7464599609375
2021-07-27,673.6571655273438,1395.777099609375,164.28897094726562,1511.37451171875,930.7462768554688,653.4119262695312
2021-07-28,663.1528930664062,1398.4334716796875,164.64328002929688,1515.1285400390625,922.7522583007812,652.9371337890625
2021-07-29,663.5974731445312,1408.362548828125,162.24176025390625,1516.8392333984375,929.9536743164062,667.3666381835938
2021-07-30,667.4340209960938,1402.7012939453125,161.37559509277344,1522.0189208984375,921.8239135742188,734.7203979492188
2021-08-02,665.6561279296875,1421.03515625,163.22598266601562,1533.8990478515625,938.67236328125,735.7173461914062
2021-08-03,671.2943115234375,1441.6336669921875,165.273193359375,1553.287109375,945.579345703125,754.5136108398438
2021-08-04,685.6119995117188,1436.451416015625,164.2495880126953,1542.690185546875,952.8260498046875,745.92236328125
2021-08-05,694.7594604492188,1440.1966552734375,169.48573303222656,1546.6820068359375,966.6400756835938,746.3020629882812
2021-08-06,698.4090576171875,1437.27880859375,168.69837951660156,1530.4775390625,946.1681518554688,745.4002075195312
2021-08-09,703.6729125976562,1448.6885986328125,168.3440399169922,1518.2174072265625,940.7784423828125,748.8176879882812
2021-08-10,705.427490234375,1460.838623046875,165.2338409423828,1509.6636962890625,945.7152099609375,753.1370849609375
2021-08-11,699.4852294921875,1461.099853515625,164.28897094726562,1504.769287109375,958.963134765625,740.03662109375
2021-08-12,702.5031127929688,1471.5950927734375,164.48582458496094,1542.927734375,955.88330078125,739.1822509765625
2021-08-13,714.1070556640625,1491.2791748046875,166.49365234375,1585.6483154296875,971.8032836914062,738.8499755859375
2021-08-16,716.1658325195312,1484.4857177734375,166.06057739257812,1573.9583740234375,984.4170532226562,741.2232055664062
2021-08-17,708.7028198242188,1516.9293212890625,164.72203063964844,1557.46875,980.2275390625,744.4036254882812
2021-08-18,707.9307861328125,1509.7872314453125,164.52517700195312,1551.8616943359375,984.0321044921875,743.2168579101562
2021-08-20,708.7495727539062,1509.351806640625,164.48582458496094,1514.558349609375,972.9808959960938,722.5693359375
2021-08-23,713.3583984375,1514.4033203125,162.4385986328125,1502.3458251953125,979.3670654296875,722.7595825195312
2021-08-24,729.3839111328125,1498.8128662109375,162.00552368164062,1526.1533203125,989.0369262695312,734.181396484375
2021-08-25,728.70556640625,1511.6163330078125,162.51734924316406,1514.74853515625,997.5970458984375,731.9921875
2021-08-26,727.4888916015625,1504.779052734375,161.1000213623047,1516.6016845703125,1010.2108154296875,723.9017944335938
2021-08-27,724.5177612304688,1488.3179931640625,162.12364196777344,1556.8511962890625,1008.829345703125,734.6097412109375
2021-08-30,733.7822265625,1478.9549560546875,163.7771759033203,1577.760009765625,1028.23681640625,749.2677001953125
2021-08-31,739.9351806640625,1486.27099609375,166.3755340576172,1589.259765625,1022.756591796875,755.7874755859375
2021-09-01,738.8589477539062,1461.274169921875,164.958251953125,1602.7554931640625,1026.8101806640625,750.5049438476562
2021-09-02,743.4910278320312,1471.15966796875,165.15509033203125,1602.5654296875,1039.1749267578125,751.8851928710938
2021-09-03,737.4318237304688,1481.219482421875,165.82437133789062,1607.6025390625,1081.79443359375,751.3616333007812
2021-09-06,732.5890502929688,1507.130859375,164.80076599121094,1610.168701171875,1098.5977783203125,746.459716796875
2021-09-07,734.2501220703125,1486.4453125,166.72988891601562,1598.28857421875,1105.52734375,732.8013305664062
2021-09-08,737.5955200195312,1474.774169921875,166.336181640625,1583.89013671875,1101.201904296875,739.9874877929688
2021-09-09,733.9458618164062,1473.3370361328125,167.43853759765625,1587.2166748046875,1098.5977783203125,738.8928833007812
2021-09-13,727.8399047851562,1473.598388671875,168.6195831298828,1588.7845458984375,1074.11767578125,742.7001953125
2021-09-14,724.5646362304688,1468.5902099609375,170.15501403808594,1612.3070068359375,1072.7135009765625,743.7471313476562
2021-09-15,723.7457885742188,1490.6260986328125,170.0762939453125,1631.837890625,1077.1746826171875,743.0333862304688
2021-09-16,729.8986206054688,1482.613037109375,181.69029235839844,1635.876953125,1099.7752685546875,743.4139404296875
2021-09-17,740.2860107421875,1473.0758056640625,182.00526428222656,1631.077392578125,1082.722900390625,732.8013305664062
2021-09-20,729.851806640625,1470.071044921875,184.0524444580078,1619.815185546875,1084.444091796875,720.0469970703125
2021-09-21,726.1554565429688,1496.72265625,190.1547393798828,1635.54443359375,1089.1317138671875,727.6614379882812
2021-09-22,717.6162719726562,1495.3726806640625,191.72952270507812,1626.04052734375,1100.817138671875,732.9915771484375
2021-09-23,734.6009521484375,1517.713134765625,190.942138671875,1681.9239501953125,1127.7203369140625,732.7537231445312
2021-09-24,749.3632202148438,1536.264892578125,187.75320434570312,1681.0211181640625,1124.459228515625,733.3248291015625
2021-09-27,760.3822021484375,1499.0743408203125,187.95005798339844,1653.3167724609375,1143.3685302734375,726.2813720703125
2021-09-28,755.6798095703125,1469.41748046875,187.2020263671875,1650.988525390625,1154.0574951171875,737.750732421875
2021-09-29,745.7603149414062,1473.9034423828125,187.47760009765625,1635.639404296875,1144.9085693359375,772.206298828125
2021-09-30,746.2750244140625,1459.0531005859375,185.94219970703125,1618.484619140625,1141.0135498046875,778.8214111328125
2021-10-01,740.5432739257812,1450.2998046875,185.31228637695312,1612.73486328125,1143.0289306640625,786.76904296875
2021-10-04,741.9703369140625,1462.14501953125,186.29652404785156,1630.1746826171875,1157.72607421875,791.9088745117188
2021-10-05,746.509033203125,1474.3822021484375,184.80047607421875,1631.5526123046875,1181.75341796875,780.9630737304688
2021-10-06,755.6096801757812,1457.6160888671875,182.083984375,1610.9765625,1159.402099609375,762.02197265625
2021-10-07,753.5509033203125,1472.814697265625,183.4225311279297,1627.513427734375,1165.086181640625,783.58056640625
2021-10-08,749.8778686523438,1501.4259033203125,182.4383087158203,1641.246826171875,1209.8570556640625,781.819580078125
2021-10-11,764.4530029296875,1472.7708740234375,187.43824768066406,1631.7427978515625,1201.4326171875,792.432373046875
2021-10-12,762.4876708984375,1467.7193603515625,189.9972381591797,1632.9781494140625,1208.29443359375,789.7197265625
2021-10-13,767.0731811523438,1488.666259765625,196.2176513671875,1665.1494140625,1220.5911865234375,801.9503173828125
2021-10-14,789.5322875976562,1494.3712158203125,202.00497436523438,1700.5517578125,1223.0594482421875,800.7607421875
2021-10-18,781.53125,1560.91357421875,206.7292938232422,1699.7440185546875,1226.3206787109375,795.6210327148438
2021-10-19,790.140625,1587.0423583984375,193.6586456298828,1754.487060546875,1237.3038330078125,787.48291015625
2021-10-20,783.1922607421875,1569.7972412109375,194.17041015625,1717.088623046875,1223.0594482421875,775.6329345703125
2021-10-21,784.338623046875,1527.3809814453125,192.67437744140625,1716.185791015625,1187.7772216796875,778.9642333984375
2021-10-22,786.4207763671875,1497.8985595703125,186.29652404785156,1703.35546875,1189.9964599609375,773.3961181640625
2021-10-25,775.3081665039062,1487.2293701171875,183.77685546875,1695.6572265625,1178.40185546875,774.0147705078125
2021-10-26,773.319580078125,1497.0263671875,186.37525939941406,1707.156982421875,1205.2371826171875,774.3003540039062
2021-10-27,768.6640625,1519.2135009765625,187.75320434570312,1696.037353515625,1189.9964599609375,785.34130859375
2021-10-28,745.6433715820312,1497.2022705078125,177.2415313720703,1724.2642822265625,1176.9525146484375,768.6846313476562
2021-10-29,740.6134643554688,1465.4376220703125,175.7454833984375,1679.0252685546875,1148.7132568359375,756.6917724609375
2021-11-01,751.1178588867188,1493.8193359375,178.61947631835938,1706.3016357421875,1149.4151611328125,772.6821899414062
2021-11-02,751.7962036132812,1491.93017578125,177.63523864746094,1725.594970703125,1132.6571044921875,776.1088256835938
2021-11-03,739.9584350585938,1495.97216796875,175.15496826171875,1795.781982421875,1124.8668212890625,749.9815063476562
2021-11-04,745.80712890625,1501.419921875,178.3832550048828,1814.26708984375,1131.7740478515625,757.1202392578125
2021-11-08,748.7549438476562,1526.726318359375,180.94227600097656,1829.093505859375,1133.177978515625,761.450927734375
2021-11-09,735.6537475585938,1531.1197509765625,180.11550903320312,1847.1986083984375,1142.123046875,762.7357788085938
2021-11-10,727.699462890625,1529.0548095703125,181.76904296875,1853.4237060546875,1154.895263671875,772.01611328125
2021-11-11,724.4476928710938,1523.0361328125,181.09974670410156,1835.888671875,1157.00146484375,756.5489501953125
2021-11-12,726.6467895507812,1564.246337890625,183.38316345214844,1862.7376708984375,1174.46142578125,767.6376342773438
2021-11-15,728.6353149414062,1570.353515625,187.47760009765625,1850.4774169921875,1167.531982421875,771.6351928710938
2021-11-16,724.3072509765625,1574.8787841796875,185.39102172851562,1858.3182373046875,1140.402099609375,759.9754638671875
2021-11-17,716.2593994140625,1570.616943359375,188.57994079589844,1856.037353515625,1115.98974609375,753.2176513671875
2021-11-18,720.2833251953125,1563.5435791015625,187.00518798828125,1802.909912109375,1120.2017822265625,752.5513916015625
2021-11-22,709.0303344726562,1545.9697265625,181.80838012695312,1772.021728515625,1070.584716796875,733.6103515625
2021-11-23,709.1239624023438,1526.19921875,182.3595428466797,1792.7880859375,1080.5941162109375,747.364013671875
2021-11-24,710.2937622070312,1490.260498046875,179.2887725830078,1770.1209716796875,1064.9912109375,741.4152221679688
2021-11-25,713.989990234375,1513.4581298828125,182.1233673095703,1758.1461181640625,1129.1016845703125,745.1748657226562
2021-11-26,697.1222534179688,1486.4383544921875,176.3754119873047,1689.954833984375,1092.7098388671875,730.3265991210938
2021-11-29,702.4329223632812,1490.5682373046875,174.40692138671875,1679.5953369140625,1105.7991943359375,714.8594970703125
2021-11-30,698.8301391601562,1504.8907470703125,174.13134765625,1677.219482421875,1089.4486083984375,717.2866821289062
2021-12-01,704.0238647460938,1506.8677978515625,174.72189331054688,1697.4154052734375,1117.3486328125,709.4342041015625
2021-12-02,713.8964233398438,1536.1722412109375,177.51712036132812,1700.4566650390625,1124.5272216796875,729.3271484375
2021-12-03,708.1881103515625,1525.0128173828125,174.52503967285156,1711.9090576171875,1090.7396240234375,715.5734252929688
2021-12-06,703.6260986328125,1489.6456298828125,171.57232666015625,1694.2315673828125,1070.0638427734375,701.6295166015625
2021-12-07,713.873046875,1504.0120849609375,173.73765563964844,1708.915283203125,1078.782470703125,707.8638305664062
2021-12-08,727.0211181640625,1540.653564453125,177.12339782714844,1734.5286865234375,1095.200927734375,721.04638671875
2021-12-09,714.4111938476562,1549.5283203125,185.35165405273438,1786.5631103515625,1112.5701904296875,723.1404418945312
2021-12-10,712.399169921875,1545.837890625,185.90280151367188,1780.48046875,1113.7025146484375,724.6632690429688
2021-12-13,707.065185546875,1533.0089111328125,184.7217559814453,1769.1705322265625,1091.373779296875,725.8529663085938
2021-12-14,702.9945068359375,1539.5992431640625,179.9973907470703,1773.1622314453125,1078.012451171875,719.6185913085938
2021-12-15,701.8480834960938,1523.82666015625,176.41476440429688,1787.5133056640625,1074.86474609375,737.750732421875
2021-12-16,701.8948974609375,1556.689697265625,175.50927734375,1780.95556640625,1088.7691650390625,727.6139526367188
2021-12-17,689.2382202148438,1599.965087890625,171.6116943359375,1755.48486328125,1060.0316162109375,731.8970336914062
2021-12-20,667.059814453125,1580.677978515625,167.24168395996094,1710.103271484375,1031.45263671875,727.1380004882812
2021-12-21,674.616455078125,1591.8372802734375,167.32041931152344,1736.904541015625,1046.8065185546875,741.0344848632812
2021-12-22,676.2072143554688,1603.34814453125,166.9267120361328,1778.199462890625,1071.64892578125,759.0712890625
2021-12-23,675.692626953125,1632.2572021484375,171.09988403320312,1785.2799072265625,1071.26416015625,754.2647094726562
2021-12-24,673.2594604492188,1637.4412841796875,171.65106201171875,1767.1748046875,1074.68359375,747.5545043945312
2021-12-27,678.8274536132812,1639.7698974609375,171.29672241210938,1773.637451171875,1073.528564453125,755.8350830078125
2021-12-28,683.5065307617188,1658.9691162109375,173.2652130126953,1805.2860107421875,1086.2784423828125,775.8231811523438
2021-12-29,680.2545166015625,1656.8165283203125,170.6668243408203,1800.866455078125,1088.1353759765625,798.3811645507812
2021-12-30,683.833984375,1663.231201171875,170.0762939453125,1792.1702880859375,1068.478759765625,794.2408447265625
2021-12-31,692.2094116210938,1658.7496337890625,171.69044494628906,1801.864501953125,1072.5777587890625,804.9487915039062
2022-01-03,711.0422973632812,1668.1517333984375,172.5172119140625,1827.477783203125,1088.7467041015625,808.0420532226562
2022-01-04,715.20654296875,1668.766845703125,173.4226837158203,1841.44873046875,1113.317626953125,797.334228515625
2022-01-05,732.1913452148438,1620.8779296875,173.65892028808594,1851.9505615234375,1118.5260009765625,794.8594970703125
2022-01-06,720.447021484375,1597.2852783203125,172.20223999023438,1829.0457763671875,1094.4761962890625,789.62451171875
2022-01-07,725.5003662109375,1594.2098388671875,171.96604919433594,1810.4180908203125,1103.3079833984375,789.0059204101562
2022-01-10,729.5242919921875,1626.2381591796875,175.82423400878906,1856.227294921875,1104.2138671875,786.8642578125
2022-01-11,732.6826171875,1630.499755859375,174.7612762451172,1863.8780517578125,1112.16259765625,792.28955078125
2022-01-12,728.3546142578125,1649.698974609375,175.3911590576172,1876.28076171875,1141.851318359375,795.9064331054688
2022-01-13,714.9492797851562,1666.701904296875,176.33602905273438,1918.28857421875,1148.28271484375,823.794677734375
2022-01-14,722.9737548828125,1695.3033447265625,175.27305603027344,1943.3316650390625,1149.95849609375,818.3217163085938
2022-01-17,711.907958984375,1704.221923828125,176.84783935546875,1966.7587890625,1155.9598388671875,812.08740234375
2022-01-18,715.5341186523438,1687.7464599609375,173.81639099121094,1921.89990234375,1142.1685791015625,805.9005737304688
2022-01-19,710.4807739257812,1640.560791015625,173.50144958496094,1920.6646728515625,1142.077880859375,798.0956420898438
2022-01-20,706.0592041015625,1602.469482421875,172.24159240722656,1904.1275634765625,1122.08154296875,780.4871826171875
2022-01-21,711.9547729492188,1569.0791015625,170.9030303955078,1859.0311279296875,1122.2626953125,769.7791748046875
2022-01-24,695.6016235351562,1526.111328125,166.7692413330078,1805.666015625,1076.9935302734375,762.2598266601562
2022-01-25,696.2567138671875,1513.23828125,168.73770141601562,1829.8062744140625,1074.8875732421875,769.1129150390625
2022-01-27,690.127197265625,1474.971435546875,168.9739227294922,1816.072998046875,1058.9674072265625,772.9677124023438
2022-01-28,684.6527709960938,1481.6494140625,171.33609008789062,1803.4326171875,1057.9482421875,787.48291015625
2022-01-31,695.1572265625,1525.5841064453125,173.3833465576172,1814.5048828125,1080.933837890625,794.2885131835938
2022-02-01,700.4443359375,1557.08544921875,179.328125,1891.7723388671875,1077.3558349609375,848.77978515625
2022-02-02,716.4464721679688,1570.3094482421875,182.79263305664062,1884.3592529296875,1079.5526123046875,847.7327880859375
2022-02-03,709.0303344726562,1527.649169921875,184.60365295410156,1837.7420654296875,1065.6025390625,840.9749145507812
2022-02-04,713.07763671875,1529.8896484375,184.4855194091797,1851.332763671875,1055.887451171875,850.8737182617188
2022-02-07,686.945556640625,1506.955810546875,181.25723266601562,1791.02978515625,1049.4560546875,844.3062133789062
2022-02-08,683.9977416992188,1508.9769287109375,182.083984375,1782.5712890625,1067.0972900390625,851.0165405273438
2022-02-09,700.72509765625,1526.5506591796875,181.2178497314453,1795.1168212890625,1079.5299072265625,850.3930053710938
2022-02-10,713.59228515625,1554.9322509765625,182.8713836669922,1806.71142578125,1078.4202880859375,857.9236450195312
2022-02-11,710.66796875,1512.535400390625,183.02886962890625,1778.43701171875,1076.314208984375,844.30126953125
2022-02-14,689.5422973632812,1478.134521484375,176.94305419921875,1709.7706298828125,1059.1712646484375,829.6715698242188
2022-02-15,710.1766967773438,1527.385498046875,179.8053741455078,1782.9991455078125,1095.1328125,841.135498046875
2022-02-16,709.2174682617188,1523.0361328125,179.6038360595703,1768.4102783203125,1092.8682861328125,833.5087890625
2022-02-17,704.8894653320312,1515.56689453125,179.52320861816406,1776.0135498046875,1106.704833984375,827.4652099609375
2022-02-18,707.6265869140625,1499.882080078125,178.91848754882812,1789.6993408203125,1098.05419921875,827.8008422851562
2022-02-21,712.1885986328125,1520.751220703125,175.77391052246094,1771.4991455078125,1086.9576416015625,809.5257568359375
2022-02-22,706.8545532226562,1523.95849609375,173.23403930664062,1752.9664306640625,1082.0208740234375,811.3963623046875
2022-02-23,702.269287109375,1531.427490234375,174.12098693847656,1730.01416015625,1075.249755859375,806.0722045898438
2022-02-24,664.135498046875,1474.575927734375,168.114013671875,1670.1865234375,1021.6695556640625,784.967041015625
2022-02-25,681.3073120117188,1489.0306396484375,172.50839233398438,1688.909423828125,1034.44189453125,797.72607421875
2022-02-28,667.340576171875,1507.4830322265625,174.0403594970703,1726.6402587890625,1068.6824951171875,809.5736694335938
2022-03-02,643.0098266601562,1496.23583984375,173.59686279296875,1695.989990234375,1086.3463134765625,787.50927734375
2022-03-03,641.4891357421875,1512.095947265625,176.90272521972656,1665.386962890625,1077.1746826171875,787.50927734375
2022-03-04,639.3836059570312,1514.2489013671875,181.8211669921875,1626.8482666015625,1053.2833251953125,795.9035034179688
2022-03-07,619.8722534179688,1528.7911376953125,181.377685546875,1553.3822021484375,1014.3323974609375,789.1881713867188
2022-03-08,621.2760009765625,1562.489013671875,182.9499969482422,1576.2392578125,1012.498046875,820.22216796875
2022-03-09,641.5594482421875,1593.3751220703125,184.8448028564453,1607.079833984375,1066.2139892578125,832.9332275390625
2022-03-10,651.642578125,1604.4027099609375,187.0621337890625,1642.482177734375,1083.4927978515625,834.180419921875
2022-03-11,653.5609130859375,1600.9757080078125,190.56956481933594,1642.909912109375,1086.617919921875,865.3104858398438
2022-03-14,674.9673461914062,1661.341796875,192.7062530517578,1660.112060546875,1095.5404052734375,855.95703125
2022-03-15,666.2877807617188,1616.1773681640625,191.7789764404297,1656.975830078125,1070.4488525390625,855.3815307617188
2022-03-16,677.5875244140625,1660.1995849609375,195.60894775390625,1669.093505859375,1088.520263671875,853.0311279296875
2022-03-17,692.5135498046875,1629.620849609375,197.4634246826172,1699.22119140625,1124.0064697265625,874.5199584960938
2022-03-21,695.5314331054688,1628.25927734375,197.1409149169922,1669.1885986328125,1117.5296630859375,876.6304321289062
2022-03-22,699.1109008789062,1658.442138671875,201.37399291992188,1686.0582275390625,1146.4031982421875,876.9182739257812
2022-03-23,692.1392211914062,1645.261962890625,203.18820190429688,1679.5953369140625,1150.049072265625,864.1592407226562
2022-03-24,675.0140991210938,1657.8270263671875,205.48614501953125,1683.68212890625,1167.916748046875,871.8818359375
2022-03-25,669.5162963867188,1648.9083251953125,204.27667236328125,1664.2464599609375,1175.7069091796875,865.6461791992188
2022-03-28,670.4053344726562,1646.579833984375,207.260009765625,1655.217529296875,1187.5283203125,869.0518798828125
2022-03-29,679.29541015625,1657.2120361328125,205.2845458984375,1660.0172119140625,1187.7999267578125,881.9547729492188
2022-03-30,691.0630493164062,1672.9844970703125,200.9305419921875,1685.63037109375,1210.6270751953125,883.1538696289062
2022-03-31,687.9749145507812,1675.532470703125,202.0996856689453,1679.9755859375,1193.3253173828125,877.5418090820312
2022-04-01,704.655517578125,1672.633056640625,204.23638916015625,1701.31201171875,1202.882080078125,871.7378540039062
2022-04-04,775.214599609375,1654.531982421875,205.9699249267578,1735.7640380859375,1206.4375,888.3821411132812
2022-04-05,752.4981689453125,1635.3326416015625,209.1951141357422,1744.983154296875,1189.3851318359375,891.3081665039062
2022-04-06,725.6408081054688,1606.99462890625,209.31607055664062,1760.9022216796875,1186.2147216796875,890.3489379882812
2022-04-07,709.6853637695312,1591.310302734375,206.9375,1735.7166748046875,1165.2899169921875,893.0829467773438
2022-04-08,708.7028198242188,1594.473388671875,215.92774963378906,1739.9459228515625,1184.6746826171875,886.9911499023438
2022-04-11,700.0466918945312,1552.252197265625,215.68588256835938,1693.1387939453125,1182.2064208984375,887.7586059570312
2022-04-12,698.8067626953125,1531.07568359375,213.50885009765625,1661.0150146484375,1159.945556640625,883.8255004882812
2022-04-13,685.4482421875,1536.4359130859375,217.33877563476562,1673.4654541015625,1155.68798828125,898.64697265625
2022-04-18,652.9292602539062,1424.7103271484375,217.78224182128906,1652.1287841796875,1152.1552734375,889.7732543945312
2022-04-19,628.0136108398438,1372.5159912109375,210.88836669921875,1621.145751953125,1196.0655517578125,884.4970092773438
2022-04-20,633.6753540039062,1395.0985107421875,209.2757568359375,1607.6976318359375,1231.234619140625,885.9359130859375
2022-04-21,643.056640625,1422.4256591796875,209.96112060546875,1629.4617919921875,1260.06298828125,905.697998046875
2022-04-22,634.283447265625,1393.121337890625,210.5255126953125,1610.3111572265625,1249.510009765625,887.1829833984375
2022-04-25,639.0326538085938,1371.7249755859375,205.8086700439453,1575.1463623046875,1220.6138916015625,863.3917236328125
2022-04-26,641.98046875,1389.2110595703125,208.79197692871094,1615.633544921875,1257.1417236328125,880.7076416015625
2022-04-27,642.2144165039062,1364.431884765625,207.62283325195312,1593.869384765625,1258.3646240234375,869.24365234375
2022-04-28,641.6528930664062,1390.6168212890625,210.5255126953125,1633.97607421875,1277.1605224609375,883.5376586914062
2022-04-29,647.8525390625,1377.3927001953125,209.2757568359375,1610.3111572265625,1263.7542724609375,890.87646484375
2022-05-02,656.7893676757812,1354.0634765625,212.17845153808594,1596.1502685546875,1259.315673828125,885.8400268554688
2022-05-04,634.4706420898438,1349.2745361328125,209.43699645996094,1552.906982421875,1220.0023193359375,864.2553100585938
2022-05-05,633.0435791015625,1392.8577880859375,211.29150390625,1556.423583984375,1196.1109619140625,842.4306030273438
2022-05-06,616.5033569335938,1355.68896484375,215.00047302246094,1541.9774169921875,1186.9393310546875,847.3711547851562
2022-05-09,617.5560302734375,1379.8531494140625,212.01718139648438,1535.989990234375,1140.583251953125,849.3857421875
2022-05-10,627.4756469726562,1364.607666015625,209.43699645996094,1528.1966552734375,1120.813232421875,826.7935180664062
2022-05-11,631.00830078125,1341.5421142578125,206.1311798095703,1492.8892822265625,1109.331787109375,820.0303344726562
2022-05-12,616.7843627929688,1325.76953125,203.9138641357422,1450.4539794921875,1086.7314453125,815.4255981445312
2022-05-13,611.246337890625,1321.9034423828125,208.509765625,1458.3897705078125,1099.0506591796875,846.6036376953125
2022-05-16,617.754638671875,1308.4593505859375,204.88140869140625,1466.3731689453125,1099.322509765625,849.5775146484375
2022-05-17,621.9674682617188,1334.2490234375,213.42820739746094,1524.53759765625,1145.497314453125,855.4774169921875
2022-05-18,621.9200439453125,1326.121337890625,215.1214599609375,1494.5048828125,1149.6641845703125,862.576416015625
2022-05-19,609.2109375,1254.0245361328125,222.25723266601562,1471.1724853515625,1123.16845703125,848.6182250976562
2022-05-20,625.2571411132812,1278.627685546875,225.7646484375,1530.239990234375,1188.660400390625,878.4052734375
2022-05-23,617.2340698242188,1290.2705078125,221.3299560546875,1562.6011962890625,1180.7117919921875,884.5449829101562
2022-05-24,624.3104858398438,1266.1944580078125,218.386962890625,1545.636474609375,1184.7652587890625,872.88916015625
2022-05-25,628.9727783203125,1239.350341796875,219.87863159179688,1496.6434326171875,1183.0216064453125,874.13623046875
2022-05-26,646.9124145507812,1251.2125244140625,220.28395080566406,1486.94921875,1171.7440185546875,863.3438110351562
2022-05-27,658.9115600585938,1284.07568359375,222.34884643554688,1520.9261474609375,1166.3089599609375,867.1331787109375
2022-05-30,663.4082641601562,1341.586181640625,222.22494506835938,1578.47265625,1206.935546875,852.167724609375
2022-05-31,657.4441528320312,1335.1925048828125,223.54647827148438,1572.4376220703125,1192.3743896484375,825.5944213867188
2022-06-01,660.2369384765625,1312.9481201171875,224.53765869140625,1566.2601318359375,1192.7593994140625,805.1128540039062
2022-06-02,655.6217651367188,1339.0997314453125,225.90048217773438,1555.9482421875,1233.8843994140625,824.5870971679688
2022-06-03,653.349853515625,1351.26513671875,225.23968505859375,1570.1092529296875,1258.8853759765625,829.9112548828125
2022-06-06,652.47412109375,1358.6800537109375,226.97422790527344,1558.8470458984375,1253.472900390625,824.8270263671875
2022-06-07,644.9716186523438,1337.9451904296875,226.23085021972656,1510.6142578125,1255.8282470703125,813.7468872070312
2022-06-08,647.2437744140625,1331.99560546875,221.27508544921875,1505.957275390625,1233.7711181640625,812.7874145507812
2022-06-09,652.119140625,1345.3155517578125,223.711669921875,1515.9837646484375,1267.6041259765625,823.9156494140625
2022-06-10,639.5282592773438,1311.3941650390625,223.1334991455078,1506.4798583984375,1229.33251953125,811.3005981445312
2022-06-13,627.9314575195312,1264.9520263671875,218.59071350097656,1456.061279296875,1206.0750732421875,795.759521484375
2022-06-14,621.0208129882812,1279.204345703125,219.25148010253906,1468.0362548828125,1190.3134765625,791.490478515625
2022-06-15,618.8670043945312,1262.9095458984375,217.55825805664062,1482.95751953125,1175.9107666015625,788.852294921875
2022-06-16,606.4893188476562,1240.70947265625,215.3281707763672,1451.641845703125,1159.469970703125,781.4655151367188
2022-06-17,610.4889526367188,1231.9183349609375,217.4756622314453,1416.04931640625,1173.0572509765625,761.1278686523438
2022-06-20,625.8251953125,1255.7611083984375,218.13641357421875,1398.7996826171875,1151.7928466796875,772.5437622070312
2022-06-21,632.6412963867188,1287.5069580078125,222.92701721191406,1425.885986328125,1170.38525390625,784.19970703125
2022-06-22,629.6592407226562,1276.27392578125,219.12759399414062,1405.405029296875,1134.8311767578125,776.3810424804688
2022-06-23,631.9785766601562,1289.7713623046875,219.29278564453125,1420.1834716796875,1116.420166015625,791.3466186523438
2022-06-24,640.8063354492188,1279.6927490234375,219.58184814453125,1420.7064208984375,1132.3175048828125,791.0587768554688
2022-06-27,641.9660034179688,1309.4405517578125,222.96829223632812,1459.625244140625,1128.9658203125,801.6592407226562
2022-06-28,637.0670166015625,1314.368896484375,224.53765869140625,1474.54638671875,1144.8404541015625,794.89599609375
2022-06-29,636.1439208984375,1299.36181640625,226.35476684570312,1471.125,1168.59619140625,804.5852661132812
2022-06-30,638.06103515625,1298.162841796875,225.90048217773438,1480.961669921875,1175.616455078125,796.8146362304688
2022-07-01,640.7826538085938,1313.7030029296875,234.86216735839844,1494.17236328125,1090.943359375,795.5197143554688
2022-07-04,641.6820068359375,1321.3399658203125,241.09815979003906,1503.24853515625,1093.2080078125,795.66357421875
2022-07-05,640.23828125,1310.6392822265625,236.9683380126953,1487.28173828125,1102.0625,801.8031616210938
2022-07-06,649.0661010742188,1324.5809326171875,238.95062255859375,1478.9659423828125,1092.3699951171875,803.6259155273438
2022-07-07,660.6865234375,1330.84130859375,241.13946533203125,1531.190185546875,1081.61328125,814.8980102539062
2022-07-08,661.3018798828125,1344.827392578125,242.0480194091797,1603.75341796875,1083.10791015625,822.8123779296875
2022-07-11,665.5855712890625,1308.1529541015625,243.6586456298828,1580.5162353515625,1097.8277587890625,822.3807983398438
2022-07-12,658.793212890625,1277.4725341796875,241.75897216796875,1571.7249755859375,1096.26513671875,816.96044921875
2022-07-13,642.723388671875,1282.667236328125,242.8739776611328,1565.54736328125,1076.8348388671875,825.1626586914062
2022-07-14,639.5046997070312,1268.8145751953125,240.23094177246094,1564.5020751953125,1085.712158203125,844.109375
2022-07-15,644.71142578125,1270.1468505859375,242.46096801757812,1601.282470703125,1087.8182373046875,842.6705322265625
2022-07-18,637.8479614257812,1323.027099609375,243.9064483642578,1641.95947265625,1097.0804443359375,846.8914794921875
2022-07-19,638.0846557617188,1317.921142578125,243.32827758789062,1644.0028076171875,1103.806396484375,839.696533203125
2022-07-20,646.1314697265625,1345.5819091796875,246.30177307128906,1653.6494140625,1133.6534423828125,832.2138061523438
2022-07-21,644.0960083007812,1361.210693359375,247.41676330566406,1699.0828857421875,1126.08984375,834.2763671875
2022-07-22,659.1245727539062,1337.5899658203125,248.24273681640625,1701.5855712890625,1133.698974609375,838.9290161132812
2022-07-25,661.065185546875,1335.1925048828125,248.69700622558594,1715.7353515625,1096.242431640625,833.0291137695312
2022-07-26,659.7161865234375,1288.616943359375,249.81202697753906,1685.703125,1096.74072265625,832.3577880859375
2022-07-27,664.7572631835938,1306.288330078125,251.21617126464844,1729.40380859375,1095.6990966796875,857.6359252929688
2022-07-28,670.650390625,1347.44677734375,250.63804626464844,1733.8316650390625,1112.8646240234375,858.4512329101562
2022-07-29,678.86279296875,1376.1292724609375,250.30763244628906,1740.377197265625,1136.5748291015625,904.8345947265625
2022-08-01,684.5191650390625,1377.3280029296875,253.983154296875,1746.7783203125,1166.1956787109375,881.3311767578125
2022-08-02,676.9931030273438,1370.7122802734375,256.0067443847656,1725.9385986328125,1170.63427734375,879.9400634765625
2022-08-03,678.5787963867188,1390.6923828125,254.51998901367188,1722.8104248046875,1180.4625244140625,860.5138549804688
2022-08-04,677.774169921875,1420.70654296875,255.63511657714844,1713.4732666015625,1164.8594970703125,881.1393432617188
2022-08-05,675.4783935546875,1435.5804443359375,256.7501525878906,1720.5482177734375,1147.6939697265625,878.6930541992188
2022-08-08,692.0452880859375,1438.0224609375,258.64984130859375,1761.1685791015625,1162.708251953125,873.3688354492188
2022-08-10,694.0570068359375,1422.9710693359375,257.0391845703125,1785.7142333984375,1169.6605224609375,882.29052734375
2022-08-11,703.2398071289062,1438.5108642578125,252.95074462890625,1797.26513671875,1173.5556640625,883.5855712890625
2022-08-12,702.9794921875,1415.55615234375,254.85040283203125,1777.33984375,1192.532958984375,876.2947387695312
2022-08-16,711.0262451171875,1417.6429443359375,256.5023498535156,1779.6982421875,1200.8212890625,877.3980102539062
2022-08-17,714.694580078125,1426.34521484375,258.1542663574219,1786.2435302734375,1207.09423828125,883.345703125
2022-08-18,715.5465087890625,1405.6549072265625,260.7147521972656,1823.6396484375,1209.2833251953125,879.4605102539062
2022-08-19,706.71875,1418.2203369140625,257.70001220703125,1863.58642578125,1187.72216796875,867.5257568359375
2022-08-22,695.9739990234375,1399.1727294921875,259.68231201171875,1810.2598876953125,1184.4278564453125,847.50634765625
2022-08-23,693.8202514648438,1369.646728515625,260.9212341308594,1806.794677734375,1202.694580078125,855.061767578125
2022-08-24,697.1572875976562,1365.2955322265625,259.43450927734375,1822.484375,1199.490966796875,847.9393920898438
2022-08-25,693.3706665039062,1348.1129150390625,257.9891052246094,1807.61279296875,1195.9921875,844.3782958984375
2022-08-26,693.489013671875,1351.1322021484375,258.4433288574219,1834.08349609375,1189.60791015625,847.1213989257812
2022-08-29,681.3241577148438,1298.02978515625,258.9802551269531,1811.0780029296875,1180.3609619140625,846.255126953125
2022-08-30,703.4290161132812,1325.7352294921875,264.72064208984375,1850.54345703125,1198.6729736328125,859.537353515625
2022-09-01,696.8259887695312,1300.205322265625,262.3253479003906,1841.3509521484375,1163.4344482421875,839.1328125
2022-09-02,703.1450805664062,1290.2598876953125,266.909423828125,1867.8697509765625,1149.8482666015625,836.9191284179688
2022-09-05,707.6654052734375,1297.6304931640625,271.6174011230469,1894.6773681640625,1167.7060546875,851.4043579101562
2022-09-06,704.9673461914062,1292.124755859375,270.2132873535156,1888.8538818359375,1179.9974365234375,854.436279296875
2022-09-07,701.6304321289062,1294.3890380859375,269.3460388183594,1884.8109130859375,1173.135986328125,860.2110595703125
2022-09-08,708.8724365234375,1310.594970703125,272.4847412109375,1900.5008544921875,1174.7945556640625,860.7403564453125
2022-09-09,709.3458251953125,1342.3409423828125,272.98028564453125,1876.7735595703125,1167.4788818359375,856.601806640625
2022-09-12,706.9554443359375,1364.14111328125,273.3106994628906,1888.4688720703125,1180.542724609375,854.3880615234375
2022-09-13,716.209228515625,1371.9111328125,276.2015380859375,1916.81640625,1190.403076171875,856.74609375
2022-09-14,723.5696411132812,1310.1510009765625,276.9861755371094,1880.768310546875,1176.135009765625,850.5863037109375
2022-09-15,719.8065795898438,1272.322265625,275.9537353515625,1884.2335205078125,1164.4798583984375,841.4908447265625
2022-09-16,706.5767211914062,1222.8165283203125,273.64111328125,1848.1370849609375,1135.625732421875,835.4754028320312
2022-09-19,711.2391357421875,1234.5826416015625,277.1926574707031,1839.1851806640625,1137.1025390625,842.020263671875
2022-09-20,719.8065795898438,1233.0283203125,277.5231018066406,1860.3616943359375,1137.2841796875,877.7279052734375
2022-09-21,718.6943359375,1222.9940185546875,281.6115417480469,1824.6983642578125,1140.4195556640625,871.3275756835938
2022-09-22,703.3817749023438,1214.735595703125,284.9980163574219,1817.5272216796875,1129.673095703125,873.92626953125
2022-09-23,684.5191650390625,1212.5157470703125,286.1130676269531,1787.3507080078125,1108.4984130859375,886.5346069335938
2022-09-26,675.2890625,1225.6580810546875,274.7148132324219,1782.152587890625,1080.257568359375,866.9002075195312
2022-09-27,669.2304077148438,1237.4683837890625,276.57318115234375,1772.286376953125,1088.8455810546875,863.4834594726562
2022-09-28,657.7282104492188,1238.489501953125,268.39617919921875,1766.7515869140625,1059.855224609375,883.4065551757812
2022-09-29,654.3201293945312,1241.9971923828125,275.08648681640625,1747.5482177734375,1056.6063232421875,895.7744750976562
2022-09-30,672.7803344726562,1255.1395263671875,274.3843994140625,1778.5430908203125,1080.4393310546875,913.0509033203125
2022-10-03,668.922607421875,1237.64599609375,267.94189453125,1751.206298828125,1076.6905517578125,909.056640625
2022-10-04,687.7615966796875,1269.3031005859375,274.9212951660156,1801.5003662109375,1096.547607421875,909.1046752929688
2022-10-06,680.1881713867188,1292.1690673828125,278.0599365234375,1841.3509521484375,1100.5916748046875,918.1038208007812
2022-10-07,677.2534790039062,1288.661376953125,275.9537353515625,1852.516845703125,1105.2493896484375,919.306884765625
2022-10-10,669.7747192382812,1298.828857421875,270.79150390625,1838.1744384765625,1093.1851806640625,910.54833984375
2022-10-11,662.9822387695312,1264.3304443359375,269.51123046875,1808.6234130859375,1071.4195556640625,909.2971801757812
2022-10-12,667.3132934570312,1268.6815185546875,272.6498718261719,1839.714599609375,1079.3033447265625,919.6919555664062
2022-10-13,659.645263671875,1260.8671875,271.4522705078125,1805.9283447265625,1082.7340087890625,932.059814453125
2022-10-14,681.1348266601562,1309.1297607421875,274.30181884765625,1840.051513671875,1077.2357177734375,939.6632080078125
2022-10-17,684.7085571289062,1323.0712890625,274.4256896972656,1812.7144775390625,1094.5255126953125,943.2243041992188
2022-10-18,683.4305419921875,1335.2811279296875,281.07470703125,1846.30810546875,1113.83740234375,941.6362915039062
2022-10-19,690.4359130859375,1319.0751953125,286.07177734375,1833.602294921875,1133.2174072265625,940.24072265625
2022-10-20,685.7734985351562,1332.794921875,288.83880615234375,1832.88037109375,1136.2618408203125,943.5611572265625
2022-10-21,680.9454956054688,1332.439697265625,285.4523010253906,1806.505859375,1123.084228515625,941.0107421875
2022-10-24,691.5719604492188,1347.8465576171875,287.18682861328125,1838.270751953125,1126.8330078125,949.9617309570312
2022-10-25,686.7675170898438,1355.3499755859375,286.0304870605469,1876.14794921875,1109.4298095703125,954.3408813476562
2022-10-27,688.4242553710938,1368.0523681640625,285.61749267578125,1890.538330078125,1113.7919921875,973.686767578125
2022-10-28,690.4595336914062,1358.4471435546875,285.61749267578125,1901.126708984375,1147.87158203125,952.8491821289062
2022-10-31,708.4464111328125,1380.350830078125,288.01275634765625,1947.3780517578125,1158.52734375,978.7396850585938
2022-11-01,716.2802124023438,1412.0849609375,288.6734924316406,1948.6776123046875,1149.552978515625,997.700439453125
2022-11-02,716.7298583984375,1394.400146484375,292.92724609375,1937.945068359375,1156.7322998046875,1012.4742431640625
2022-11-03,713.5822143554688,1374.1568603515625,292.1426086425781,1933.51708984375,1161.049072265625,1005.01513671875
2022-11-04,708.6594848632812,1359.120361328125,292.0600280761719,1939.677490234375,1178.134521484375,1000.8765869140625
2022-11-07,714.173828125,1353.2403564453125,291.9773864746094,1942.132080078125,1184.4278564453125,989.7600708007812
2022-11-09,713.9608154296875,1356.606689453125,297.92425537109375,1928.51171875,1183.2464599609375,975.515380859375
2022-11-10,721.7236938476562,1348.3031005859375,294.0422668457031,1903.62939453125,1168.9329833984375,972.7243041992188
2022-11-11,762.6201171875,1409.4814453125,294.3313903808594,1935.8272705078125,1195.8785400390625,975.515380859375
2022-11-14,764.4661254882812,1423.1265869140625,286.77386474609375,1924.9503173828125,1190.0849609375,978.7396850585938
2022-11-15,766.3358764648438,1430.9365234375,285.1632080078125,1921.822021484375,1184.7459716796875,977.9214477539062
2022-11-16,772.915283203125,1438.836181640625,284.2133483886719,1928.6080322265625,1177.9527587890625,980.424072265625
2022-11-17,765.9335327148438,1425.01171875,283.88299560546875,1953.5867919921875,1180.9971923828125,975.3229370117188
2022-11-18,763.921875,1430.3978271484375,281.69415283203125,1948.6776123046875,1180.3609619140625,971.7135009765625
2022-11-21,756.0880126953125,1407.7757568359375,278.51422119140625,1936.1641845703125,1159.117919921875,965.505615234375
2022-11-22,754.9757690429688,1422.9022216796875,281.03338623046875,1953.827392578125,1165.547607421875,972.1947631835938
2022-11-23,756.9400634765625,1421.1964111328125,280.66168212890625,1949.20703125,1161.91259765625,979.4616088867188
2022-11-24,769.2468872070312,1463.07421875,281.4464111328125,1975.388916015625,1171.931884765625,996.256591796875
2022-11-25,765.6968383789062,1468.3258056640625,281.07470703125,1985.5439453125,1189.4261474609375,995.0536499023438
2022-11-28,757.4607543945312,1457.328857421875,280.8681945800781,1987.180419921875,1230.2989501953125,995.919921875
2022-11-29,756.3247680664062,1462.40087890625,282.7265930175781,1973.8009033203125,1232.4119873046875,1010.4532470703125
2022-11-30,761.3419799804688,1467.697265625,280.8269348144531,1997.1912841796875,1241.1136474609375,1006.7958374023438
2022-12-01,766.572509765625,1487.58154296875,280.4552307128906,2025.4908447265625,1237.45556640625,1007.1806640625
2022-12-02,760.703125,1470.345703125,278.4729309082031,2007.442626953125,1236.93310546875,1000.9727783203125
2022-12-05,763.4721069335938,1472.0062255859375,278.14251708984375,2007.5389404296875,1218.8935546875,1000.3953857421875
2022-12-06,762.6201171875,1447.9031982421875,278.59686279296875,2015.1431884765625,1222.415283203125,994.7649536132812
2022-12-07,762.288818359375,1441.2601318359375,280.9095458984375,2044.5018310546875,1204.375732421875,979.5577392578125
2022-12-08,766.572509765625,1454.411376953125,279.5054016113281,2086.566162109375,1203.8077392578125,943.994384765625
2022-12-09,772.0396728515625,1408.763427734375,281.98321533203125,2073.4267578125,1185.563720703125,955.5921630859375
2022-12-12,778.051025390625,1388.9239501953125,283.469970703125,2082.7158203125,1187.38134765625,950.3466796875
2022-12-13,780.2047119140625,1411.3216552734375,285.4523010253906,2091.5712890625,1192.7886962890625,957.32470703125
2022-12-14,786.8076782226562,1417.8299560546875,285.2870788574219,2113.27734375,1188.4720458984375,962.7145385742188
2022-12-15,772.3946533203125,1382.9095458984375,279.8770446777344,2096.04736328125,1171.591064453125,964.59130859375
2022-12-16,776.1102294921875,1366.4813232421875,276.7796936035156,2093.592529296875,1165.7974853515625,956.3621826171875
2022-12-19,778.5242919921875,1353.150634765625,281.2398986816406,2102.255859375,1181.110595703125,950.8760986328125
2022-12-20,773.1519165039062,1353.105712890625,280.9507751464844,2082.282470703125,1191.3345947265625,951.2609252929688
2022-12-21,765.673095703125,1355.1256103515625,276.8210144042969,2065.96728515625,1174.3857421875,967.8636474609375
2022-12-22,763.046142578125,1366.3468017578125,274.5909118652344,2030.9774169921875,1171.34130859375,972.7243041992188
2022-12-23,756.2300415039062,1343.9490966796875,269.84161376953125,1985.5439453125,1136.9888916015625,963.9656982421875
2022-12-26,771.2821655273438,1348.7071533203125,276.36669921875,2012.784912109375,1146.9173583984375,962.52197265625
2022-12-27,772.063232421875,1359.8834228515625,275.1690979003906,2044.5980224609375,1156.30078125,962.6182250976562
2022-12-28,771.4478759765625,1355.6641845703125,276.2015380859375,2041.7099609375,1156.1871337890625,957.6614990234375
2022-12-29,776.8912963867188,1362.3072509765625,276.9861755371094,2031.891845703125,1155.66455078125,963.0032958984375
2022-12-30,770.6668701171875,1353.9136962890625,273.8475341796875,2007.7314453125,1157.4366455078125,963.8213500976562
2023-01-02,770.9271850585938,1368.097412109375,274.9212951660156,2011.24462890625,1170.4779052734375,959.58642578125
2023-01-03,775.96826171875,1366.795654296875,273.4758605957031,2010.763427734375,1161.91259765625,971.2322998046875
2023-01-04,762.0995483398438,1341.8843994140625,270.08941650390625,1993.052490234375,1144.4183349609375,966.4199829101562
2023-01-05,757.2003784179688,1324.28955078125,275.4169006347656,2009.2237548828125,1142.3734130859375,978.0658569335938
2023-01-06,754.691650390625,1300.32080078125,276.7384033203125,2008.453369140625,1152.7564697265625,970.847412109375
2023-01-09,756.1589965820312,1332.5931396484375,279.21624755859375,2042.28759765625,1179.9747314453125,978.6915283203125
2023-01-10,742.3375244140625,1319.3970947265625,275.37554931640625,2027.8009033203125,1162.52587890625,973.879150390625
2023-01-11,753.0350341796875,1320.7435302734375,274.05401611328125,2045.8011474609375,1147.87158203125,989.4230346679688
2023-01-12,757.0584106445312,1329.1370849609375,272.4433898925781,2078.913818359375,1123.084228515625,994.0911865234375
2023-01-13,757.6500244140625,1349.8291015625,271.53485107421875,2072.801025390625,1121.266845703125,992.887939453125
2023-01-16,750.38427734375,1369.4439697265625,272.7324523925781,2057.20751953125,1110.5885009765625,996.593505859375
2023-01-17,761.5550537109375,1382.01171875,274.4256896972656,2130.2666015625,1126.3560791015625,993.9467163085938
2023-01-18,774.9979858398438,1387.308349609375,276.40802001953125,2181.66796875,1124.492919921875,1001.069091796875
2023-01-19,778.216552734375,1381.47314453125,274.3431396484375,2188.02099609375,1123.2889404296875,1001.5023193359375
2023-01-20,786.1923828125,1369.48876953125,276.36669921875,2165.737548828125,1109.9295654296875,991.6849975585938
2023-01-23,791.9434814453125,1389.64208984375,278.968505859375,2149.9033203125,1104.3177490234375,1009.923828125
2023-01-24,802.5462646484375,1393.14306640625,279.9596862792969,2124.87646484375,1097.7972412109375,1001.6466674804688
2023-01-25,780.3703002929688,1385.1536865234375,280.2074279785156,2093.303955078125,1082.620361328125,1001.0209350585938
2023-01-27,764.8211669921875,1363.7435302734375,285.78265380859375,2079.010009765625,1062.0816650390625,1004.2451171875
2023-01-30,764.0401611328125,1381.38330078125,284.79156494140625,2033.817138671875,1072.26025390625,1012.2335205078125
2023-01-31,758.9990234375,1376.8499755859375,291.0275573730469,2044.886474609375,1069.579345703125,995.67919921875
2023-02-01,770.3829345703125,1392.4249267578125,298.50244140625,2065.2451171875,1063.2406005859375,976.814697265625
2023-02-02,758.9280395507812,1421.7349853515625,312.7090759277344,2064.619384765625,1057.3560791015625,969.7886962890625
2023-02-03,785.1747436523438,1435.7840576171875,314.4022521972656,2085.459228515625,1058.28759765625,989.567626953125
2023-02-06,781.8377075195312,1409.2569580078125,316.6736755371094,2075.400146484375,1050.3128662109375,984.9476318359375
2023-02-07,782.9973754882812,1402.569091796875,308.2901306152344,2084.255615234375,1047.791015625,968.6337280273438
2023-02-08,782.9027099609375,1427.794677734375,310.1898498535156,2051.095458984375,1068.7159423828125,982.306396484375
2023-02-09,781.2697143554688,1451.58349609375,309.1161193847656,2067.025634765625,1070.5789794921875,976.2943115234375
2023-02-10,784.3699951171875,1443.9979248046875,306.7208251953125,2082.860107421875,1061.763671875,976.1002807617188
2023-02-13,784.9617919921875,1407.1024169921875,309.0747985839844,2120.833740234375,1055.72021484375,984.48828125
2023-02-14,792.2274780273438,1430.26318359375,319.1928405761719,2109.619384765625,1080.5985107421875,976.245849609375
2023-02-15,790.6181030273438,1433.6744384765625,320.8559265136719,2093.640869140625,1105.0675048828125,965.2398071289062
2023-02-16,787.7544555664062,1437.9384765625,321.1497497558594,2096.76904296875,1104.2041015625,964.997314453125
2023-02-17,783.8020629882812,1421.780029296875,321.86334228515625,2143.02099609375,1108.8162841796875,954.6699829101562
2023-02-20,776.4415893554688,1429.544921875,322.40899658203125,2142.20263671875,1097.093017578125,954.5730590820312
2023-02-21,779.3526611328125,1417.9197998046875,320.89794921875,2146.0048828125,1106.0445556640625,942.160888671875
2023-02-22,764.0638427734375,1402.030517578125,322.2411193847656,2112.603515625,1080.9617919921875,939.2032470703125
2023-02-23,758.8807373046875,1392.06591796875,325.38922119140625,2078.3359375,1075.7816162109375,943.0335693359375
2023-02-24,752.1119384765625,1392.0211181640625,323.29046630859375,2054.17529296875,1083.14306640625,941.09423828125
2023-02-27,753.9817504882812,1354.901123046875,320.8559265136719,2034.587158203125,1075.940673828125,935.809326171875
2023-02-28,757.153076171875,1335.3760986328125,316.2386779785156,2030.2076416015625,1055.3565673828125,927.6153564453125
2023-03-01,756.41943359375,1343.006591796875,317.9176940917969,2036.1273193359375,1065.0579833984375,930.2335205078125
2023-03-02,749.98193359375,1321.5516357421875,315.2732849121094,2042.19140625,1056.947021484375,936.0517578125
2023-03-03,764.8684692382812,1327.9700927734375,323.16455078125,2071.501708984375,1083.915283203125,937.6033935546875
2023-03-06,770.2645874023438,1353.2403564453125,325.8509521484375,2061.009521484375,1094.5028076171875,936.0032348632812
2023-03-08,771.8029174804688,1339.999267578125,329.4188232421875,2089.5498046875,1098.43359375,928.488037109375
2023-03-09,771.8738403320312,1328.9576416015625,325.3053283691406,2111.111572265625,1072.032958984375,923.8335571289062
2023-03-10,751.969970703125,1321.0128173828125,325.72503662109375,2077.084716796875,1055.4248046875,926.5972290039062
2023-03-13,742.4559326171875,1288.2916259765625,322.0732116699219,2053.983154296875,1038.0670166015625,925.1911010742188
2023-03-14,740.4678955078125,1274.736328125,318.7572021484375,2063.945556640625,1034.1817626953125,928.1972045898438
2023-03-15,729.8414306640625,1274.4219970703125,318.5053405761719,2095.180908203125,1016.5057373046875,922.5729370117188
2023-03-16,734.5747680664062,1260.462890625,320.226318359375,2092.2451171875,1011.4393310546875,938.088134765625
2023-03-17,744.3965454101562,1275.3646240234375,315.2732849121094,2113.566162109375,1010.1671142578125,928.6820068359375
2023-03-20,739.2371215820312,1260.0589599609375,318.0016174316406,2096.04736328125,1000.2384643554688,932.0759887695312
2023-03-21,747.6151733398438,1248.4337158203125,316.44854736328125,2125.790771484375,1031.341796875,927.2275390625
2023-03-22,745.8875122070312,1247.132080078125,317.12017822265625,2131.084716796875,1034.477294921875,942.5972290039062
2023-03-23,739.89990234375,1233.935791015625,319.5547180175781,2124.05810546875,1021.3906860351562,948.027587890625
2023-03-24,738.7164916992188,1239.4117431640625,317.9176940917969,2085.07373046875,1001.1699829101562,943.3729858398438
2023-03-27,741.9351806640625,1246.8626708984375,319.1769714355469,2073.378662109375,1016.7329711914062,953.6519165039062
2023-03-28,747.9702758789062,1236.6739501953125,318.7991638183594,2053.742431640625,1021.4814453125,954.3790893554688
2023-03-29,751.5676879882812,1242.01513671875,321.31768798828125,2067.07373046875,1015.4380493164062,961.8458862304688
2023-03-31,761.86279296875,1281.8729248046875,321.947265625,2083.19677734375,1059.2191162109375,953.3124389648438
2023-04-03,762.336181640625,1266.5224609375,318.0856018066406,2088.92431640625,1059.4007568359375,949.3851318359375
2023-04-05,782.7843017578125,1277.9232177734375,324.3818054199219,2173.245361328125,1056.856201171875,966.9367065429688
2023-04-06,788.7484130859375,1276.4420166015625,325.1793518066406,2189.1279296875,1063.9447021484375,981.4337158203125
2023-04-10,785.009033203125,1281.5589599609375,326.1867370605469,2223.2509765625,1056.4017333984375,978.0397338867188
2023-04-11,787.3048095703125,1262.30322265625,332.4410400390625,2215.358154296875,1061.6273193359375,978.670166015625
2023-04-12,797.5288696289062,1282.1875,330.3842468261719,2202.8447265625,1066.3077392578125,985.8944091796875
2023-04-13,801.1025390625,1247.087158203125,332.105224609375,2174.2080078125,1070.3289794921875,973.09423828125
2023-04-17,788.8904418945312,1129.578125,335.9249267578125,2131.133056640625,1075.7589111328125,968.439697265625
2023-04-18,785.5534057617188,1130.5206298828125,334.5397033691406,2133.6357421875,1063.4449462890625,974.3548583984375
2023-04-19,788.4407958984375,1106.14794921875,334.7496032714844,2136.523681640625,1068.7386474609375,965.3367309570312
2023-04-20,791.3754272460938,1098.2481689453125,336.0508728027344,2149.18115234375,1066.034912109375,957.821533203125
2023-04-21,792.6534423828125,1101.794189453125,342.7248229980469,2132.2880859375,1067.37548828125,959.4700317382812
2023-04-24,799.0672607421875,1100.8516845703125,343.10260009765625,2145.47509765625,1071.465087890625,949.4819946289062
2023-04-25,787.7071533203125,1099.5948486328125,345.4952087402344,2163.81201171875,1079.666748046875,943.0335693359375
2023-04-26,791.3281860351562,1101.973876953125,346.0828552246094,2190.956787109375,1073.328125,941.8214111328125
2023-04-27,795.6828002929688,1118.7607421875,349.2309875488281,2219.3046875,1080.121337890625,949.0457153320312
2023-04-28,798.806884765625,1124.595703125,357.2481384277344,2275.903564453125,1099.8646240234375,957.7245483398438
2023-05-02,798.6411743164062,1146.768798828125,356.3247375488281,2295.203369140625,1109.2025146484375,943.5669555664062
2023-05-03,801.4339599609375,1139.318115234375,358.59130859375,2268.107177734375,1099.6829833984375,934.4032592773438
2023-05-04,817.8351440429688,1143.2679443359375,356.4506530761719,2268.6845703125,1112.3604736328125,944.4881591796875
2023-05-05,769.4835205078125,1130.296142578125,359.9345397949219,2288.513427734375,1109.5206298828125,941.0457763671875
2023-05-08,778.3822631835938,1136.131103515625,362.201171875,2276.8662109375,1123.220703125,932.706298828125
2023-05-09,778.4059448242188,1140.70947265625,355.7790222167969,2285.4814453125,1126.69677734375,928.439697265625
2023-05-10,782.0033569335938,1134.021728515625,357.08026123046875,2275.951904296875,1134.4442138671875,924.9002075195312
2023-05-11,782.5239868164062,1127.6031494140625,352.92474365234375,2158.229248046875,1127.03759765625,931.9305419921875
2023-05-12,789.434814453125,1117.8182373046875,352.9667053222656,2137.967529296875,1128.8778076171875,927.0335693359375
2023-05-15,793.2214965820312,1129.622802734375,359.1370544433594,2162.753662109375,1131.1043701171875,924.12451171875
2023-05-16,788.6732177734375,1134.96435546875,355.90496826171875,2143.8388671875,1114.9962158203125,912.4395751953125
2023-05-17,784.4360961914062,1119.34423828125,358.96905517578125,2136.523681640625,1108.4073486328125,907.5910034179688
2023-05-18,787.572021484375,1118.536376953125,352.33709716796875,2106.298583984375,1106.02197265625,901.4819946289062
2023-05-19,788.481689453125,1139.09375,352.4630126953125,2108.07958984375,1109.6114501953125,897.7970581054688
2023-05-22,785.6809692382812,1160.5487060546875,356.5765686035156,2133.6357421875,1115.5413818359375,909.045654296875
2023-05-23,783.837646484375,1167.05712890625,360.27032470703125,2115.394775390625,1115.3369140625,903.3728637695312
2023-05-24,773.5921020507812,1165.8001708984375,363.9221496582031,2103.36279296875,1108.8389892578125,923.3002319335938
2023-05-25,770.6236572265625,1170.917236328125,370.34429931640625,2122.18115234375,1108.7027587890625,916.3668212890625
2023-05-26,773.5921020507812,1182.677001953125,372.40106201171875,2135.41650390625,1138.94287109375,940.5123291015625
2023-05-29,783.023681640625,1179.93896484375,377.018310546875,2141.2880859375,1145.3497314453125,939.1063232421875
2023-05-30,783.6222534179688,1188.42236328125,386.17340087890625,2128.052734375,1145.0543212890625,930.5244750976562
2023-05-31,771.22216796875,1183.4403076171875,382.39666748046875,2123.09521484375,1122.3118896484375,945.7971801757812
2023-06-01,767.942626953125,1184.5174560546875,377.418212890625,2125.1650390625,1119.2900390625,957.7730712890625
2023-06-02,769.1395263671875,1181.788330078125,380.5940856933594,2150.913818359375,1115.6322021484375,969.3124389648438
2023-06-05,768.1341552734375,1186.7918701171875,378.2336120605469,2183.400634765625,1125.6517333984375,978.1852416992188
2023-06-06,765.740234375,1163.5927734375,380.0791015625,2192.689453125,1126.6058349609375,983.0822143554688
2023-06-07,769.7139892578125,1172.6448974609375,381.0661926269531,2228.833984375,1135.148681640625,983.85791015625
2023-06-08,770.1927490234375,1167.0498046875,380.1649475097656,2252.705810546875,1135.830078125,957.09423828125
2023-06-09,771.1024169921875,1151.72021484375,376.34527587890625,2274.556396484375,1127.7874755859375,954.13671875
2023-06-12,766.4105224609375,1175.3743896484375,375.0577392578125,2252.36865234375,1128.787109375,955.5911865234375
2023-06-13,767.703125,1187.1102294921875,382.3108215332031,2266.27783203125,1145.4632568359375,958.1609497070312
2023-06-14,766.8654174804688,1183.061767578125,381.538330078125,2266.90380859375,1159.549560546875,956.8032836914062
2023-06-15,757.4336547851562,1170.68896484375,384.6283874511719,2272.919921875,1159.86767578125,958.4518432617188
2023-06-16,767.3441162109375,1175.101318359375,388.920166015625,2278.2138671875,1171.1595458984375,961.9427490234375
2023-06-19,768.0144653320312,1177.2392578125,389.3493347167969,2277.781005859375,1159.52685546875,971.4458618164062
2023-06-20,769.6183471679688,1185.791015625,388.70556640625,2292.844970703125,1161.9351806640625,961.894287109375
2023-06-21,783.0716552734375,1182.1065673828125,383.7271423339844,2304.828857421875,1165.2069091796875,961.8458862304688
2023-06-22,786.9017944335938,1165.9127197265625,384.24212646484375,2325.813232421875,1152.1202392578125,960.2943115234375
2023-06-23,786.8539428710938,1150.85595703125,381.7528991699219,2300.1123046875,1142.691650390625,961.4094848632812
2023-06-26,783.0476684570312,1155.7230224609375,382.56829833984375,2288.5615234375,1133.9671630859375,964.8034057617188
2023-06-27,794.0833129882812,1163.729248046875,382.0533447265625,2298.668701171875,1134.3760986328125,971.4458618164062
2023-06-28,802.4856567382812,1176.6478271484375,385.7013244628906,2330.818603515625,1149.3939208984375,990.83984375
2023-06-30,814.5745239257812,1214.99462890625,387.6326904296875,2382.893310546875,1158.822509765625,1019.7368774414062
2023-07-03,823.3838500976562,1213.3570556640625,397.6324462890625,2362.1982421875,1188.5628662109375,1001.4096069335938
2023-07-04,827.4054565429688,1223.7740478515625,400.2933044433594,2369.70654296875,1176.3167724609375,1017.021728515625
2023-07-05,801.1212158203125,1225.7298583984375,407.8039245605469,2378.321533203125,1174.3857421875,1013.0460205078125
2023-07-06,801.9349975585938,1222.6365966796875,406.7738952636719,2395.455078125,1199.0367431640625,1010.91259765625
2023-07-07,794.9450073242188,1210.1728515625,402.052978515625,2357.67431640625,1196.696533203125,1004.318603515625
2023-07-10,793.0538330078125,1209.217529296875,399.8641662597656,2347.470703125,1242.794921875,1013.3368530273438
2023-07-11,789.1998901367188,1226.91259765625,406.1301574707031,2381.93115234375,1256.2677001953125,1039.76123046875
2023-07-12,781.8028564453125,1212.9931640625,405.4005432128906,2363.064697265625,1257.6536865234375,1046.0643310546875
2023-07-13,785.704833984375,1241.9237060546875,405.14306640625,2358.444091796875,1246.4072265625,1043.0582275390625
2023-07-14,787.3325805664062,1297.282958984375,405.91558837890625,2379.717041015625,1245.3624267578125,1040.43994140625
2023-07-17,803.8023071289062,1294.5535888671875,405.4435119628906,2376.396240234375,1270.8084716796875,1044.94921875
2023-07-18,803.1320190429688,1342.089111328125,405.5722351074219,2382.0751953125,1281.6002197265625,1034.81591796875
2023-07-19,806.7706298828125,1341.86181640625,411.0227966308594,2400.79736328125,1291.324462890625,1049.070556640625
2023-07-20,808.5181274414062,1318.7081298828125,422.43890380859375,2396.513671875,1289.7603759765625,1064.3917236328125
2023-07-21,802.2941284179688,1211.446533203125,420.97967529296875,2489.449951171875,1249.834716796875,1063.9066162109375
2023-07-24,803.5628662109375,1215.995361328125,404.58514404296875,2507.739013671875,1224.5548095703125,1067.0582275390625
2023-07-25,812.2764282226562,1214.17578125,396.8170166015625,2465.049072265625,1223.767333984375,1061.870361328125
2023-07-26,809.4517211914062,1227.1400146484375,405.3576354980469,2547.20458984375,1243.65625,1078.306640625
2023-07-27,801.0493774414062,1231.052001953125,399.1774597167969,2560.632568359375,1232.087158203125,1100.561279296875
2023-07-28,786.8539428710938,1219.5433349609375,402.09588623046875,2550.381103515625,1244.4686279296875,1107.957275390625
2023-07-31,790.5403442382812,1233.3719482421875,399.7353820800781,2580.99072265625,1255.00390625,1112.6768798828125
2023-08-01,795.8306884765625,1242.0146484375,398.9629211425781,2566.841064453125,1237.25634765625,1112.7255859375
2023-08-02,785.4176025390625,1234.4180908203125,394.9286193847656,2552.724853515625,1224.0380859375,1104.7459716796875
2023-08-03,779.7442626953125,1241.1959228515625,391.4523010253906,2529.311767578125,1218.893310546875,1110.34130859375
2023-08-04,791.0192260742188,1253.97802734375,390.50811767578125,2557.34912109375,1235.45947265625,1108.3465576171875
2023-08-07,790.5643310546875,1267.3062744140625,390.4652099609375,2566.110595703125,1242.49951171875,1129.609375
2023-08-08,789.9180297851562,1264.7587890625,388.2763977050781,2562.508544921875,1235.0162353515625,1117.785888671875
2023-08-09,790.2052612304688,1268.5799560546875,393.6839904785156,2581.395263671875,1243.1640625,1121.824462890625
2023-08-10,783.1912841796875,1263.758056640625,387.7613830566406,2573.509521484375,1248.702392578125,1119.3916015625
2023-08-11,775.0283203125,1248.0645751953125,385.1863098144531,2568.64208984375,1253.969970703125,1101.923828125
2023-08-14,771.2461547851562,1267.806640625,385.57257080078125,2589.475341796875,1268.7882080078125,1103.7728271484375
2023-08-16,768.9957885742188,1290.50537109375,386.47381591796875,2619.800537109375,1267.7545166015625,1112.9202880859375
2023-08-17,764.73486328125,1284.182373046875,378.5340881347656,2582.271484375,1249.4654541015625,1114.039306640625
2023-08-18,761.5989379882812,1263.4853515625,379.09197998046875,2572.00048828125,1258.7208251953125,1104.4053955078125
2023-08-21,761.00048828125,1278.58740234375,384.3708801269531,2591.76318359375,1244.986328125,1106.838134765625
2023-08-22,757.7448120117188,1277.0863037109375,389.9072570800781,2607.875,1244.68994140625,1106.9840087890625
2023-08-23,759.6119995117188,1280.9072265625,386.6455383300781,2645.647705078125,1246.0732421875,1093.5062255859375
2023-08-24,756.1170043945312,1295.1448974609375,387.03179931640625,2616.977294921875,1225.1258544921875,1088.2513427734375
2023-08-25,747.594970703125,1291.9608154296875,380.5512390136719,2568.544677734375,1219.4691162109375,1076.57373046875
2023-08-28,755.3749389648438,1287.91259765625,378.8774108886719,2623.98681640625,1207.315673828125,1086.9862060546875
2023-08-29,761.3834838867188,1289.7320556640625,377.76153564453125,2646.9619140625,1195.755126953125,1081.7313232421875
2023-08-30,755.8297729492188,1305.6529541015625,380.0791015625,2637.275390625,1194.61865234375,1084.942626953125
2023-08-31,752.3587036132812,1305.92578125,377.418212890625,2631.142333984375,1189.1595458984375,1081.7313232421875
2023-09-01,753.9147338867188,1313.5679931640625,378.57696533203125,2630.558349609375,1191.950927734375,1079.2012939453125
2023-09-04,758.6305541992188,1332.900390625,375.52984619140625,2639.31982421875,1190.9874267578125,1079.10400390625
2023-09-05,754.010498046875,1345.455322265625,380.33660888671875,2660.591064453125,1197.3607177734375,1101.48583984375
2023-09-06,763.873046875,1344.135986328125,384.0704345703125,2658.157470703125,1199.88037109375,1111.655029296875
2023-09-07,771.22216796875,1333.9012451171875,382.7400207519531,2771.037353515625,1201.5107421875,1102.60498046875
2023-09-08,777.230712890625,1336.994384765625,379.9503479003906,2824.776123046875,1209.5140380859375,1100.0748291015625
2023-09-11,781.2523803710938,1343.226318359375,383.8558654785156,2817.57177734375,1222.5570068359375,1106.3515625
2023-09-12,783.694091796875,1365.652099609375,387.24639892578125,2866.151123046875,1204.89501953125,1114.477294921875
2023-09-13,787.0454711914062,1363.1502685546875,389.26348876953125,2829.78955078125,1210.9222412109375,1117.8829345703125
2023-09-14,786.566650390625,1370.9742431640625,386.21630859375,2841.326171875,1212.0338134765625,1113.066162109375
2023-09-15,795.5914306640625,1375.2047119140625,384.8429870605469,2831.5419921875,1214.28173828125,1118.9049072265625
2023-09-18,779.9357299804688,1357.1912841796875,388.0188293457031,2842.54296875,1203.709228515625,1116.8126220703125
2023-09-20,748.648193359375,1355.7811279296875,388.7913818359375,2813.483154296875,1176.8826904296875,1122.1649169921875
2023-09-21,743.6929931640625,1366.243408203125,384.1133728027344,2822.585693359375,1168.31103515625,1115.3531494140625
2023-09-22,732.3462524414062,1361.148681640625,380.33660888671875,2841.228759765625,1163.4447021484375,1101.923828125
2023-09-25,732.9925537109375,1341.1339111328125,379.9074401855469,2825.65234375,1156.2811279296875,1093.8468017578125
2023-09-26,736.1763916015625,1328.8521728515625,379.7786865234375,2835.43603515625,1157.2938232421875,1095.5985107421875
2023-09-27,731.0057373046875,1334.62890625,385.5296630859375,2886.54638671875,1170.3365478515625,1109.319580078125
2023-09-28,729.49755859375,1309.56494140625,378.31951904296875,2930.30615234375,1153.14404296875,1101.875244140625
2023-09-29,730.7423706054688,1305.92578125,381.4524230957031,2943.497314453125,1158.529052734375,1127.51708984375
2023-10-03,722.0048828125,1304.606689453125,377.46112060546875,2991.88134765625,1145.263916015625,1110.779296875
2023-10-04,732.2984008789062,1314.0228271484375,374.328125,2947.586181640625,1143.2877197265625,1093.6036376953125
2023-10-05,735.2667236328125,1331.3994140625,374.2851867675781,3014.07763671875,1143.2630615234375,1089.02978515625
2023-10-06,734.4527587890625,1345.273193359375,379.5211486816406,3011.7900390625,1145.18994140625,1097.009521484375
2023-10-09,725.9307250976562,1342.3165283203125,378.06201171875,2993.29296875,1135.4324951171875,1092.873779296875
2023-10-10,730.048095703125,1360.239013671875,381.4524230957031,2994.55859375,1140.447021484375,1096.2310791015625
2023-10-11,737.1099853515625,1359.5567626953125,384.75714111328125,3006.92236328125,1158.5537109375,1098.420654296875
2023-10-12,742.017333984375,1333.264404296875,386.8601379394531,3000.15625,1160.70263671875,1100.0263671875
2023-10-13,735.2667236328125,1302.013916015625,384.8429870605469,3007.798828125,1160.6534423828125,1114.52587890625
2023-10-16,732.3223266601562,1304.7432861328125,385.35797119140625,3019.772705078125,1158.0596923828125,1104.7945556640625
2023-10-17,737.8759765625,1312.2943115234375,389.2205810546875,2985.115478515625,1163.593017578125,1106.2542724609375
2023-10-18,727.6063842773438,1310.5657958984375,387.675537109375,2964.96337890625,1148.154052734375,1122.408203125
2023-10-19,725.308349609375,1304.2884521484375,386.60260009765625,2973.530517578125,1139.33544921875,1110.827880859375
2023-10-20,729.066650390625,1298.4658203125,376.2165222167969,2932.593994140625,1135.8525390625,1111.509033203125
2023-10-23,721.0474243164062,1281.5440673828125,374.1564636230469,2879.974853515625,1118.1163330078125,1092.2896728515625
2023-10-25,716.47509765625,1262.560302734375,371.4096984863281,2838.89208984375,1115.522705078125,1090.1976318359375
2023-10-26,700.6279296875,1252.7919921875,372.8260498046875,2788.755859375,1099.985107421875,1074.0435791015625
2023-10-27,703.3807983398438,1272.0521240234375,372.31103515625,2825.068115234375,1119.40087890625,1081.4393310546875
2023-10-30,711.0171508789062,1269.0111083984375,369.47845458984375,2848.87109375,1142.4725341796875,1085.2344970703125
2023-10-31,706.8997802734375,1261.03955078125,367.71881103515625,2851.499267578125,1130.319091796875,1059.349365234375
2023-11-01,705.9421997070312,1247.9078369140625,367.4613342285156,2818.642822265625,1135.0125732421875,1086.2076416015625
2023-11-02,707.01953125,1262.6524658203125,370.0793151855469,2840.83935546875,1146.2767333984375,1102.4102783203125
2023-11-03,710.3707885742188,1280.0694580078125,371.8818054199219,2834.170654296875,1146.0296630859375,1110.4385986328125
2023-11-06,715.5176391601562,1293.20166015625,373.68438720703125,2896.6708984375,1155.564697265625,1119.0994873046875
2023-11-07,712.0465087890625,1294.1231689453125,371.4096984863281,2882.8955078125,1148.0552978515625,1139.4866943359375
2023-11-08,714.1052856445312,1281.8665771484375,375.0577392578125,2917.11474609375,1154.033203125,1145.0819091796875
2023-11-09,711.280517578125,1266.9376220703125,372.86895751953125,2944.76318359375,1141.50927734375,1144.5955810546875
2023-11-10,714.0812377929688,1261.454345703125,374.7143859863281,2952.9404296875,1143.658203125,1147.660888671875
2023-11-13,712.7886352539062,1265.78564453125,374.2423095703125,2967.786376953125,1143.5101318359375,1146.1527099609375
2023-11-15,720.25732421875,1299.836669921875,379.3495178222656,2983.80126953125,1164.185791015625,1149.169189453125
2023-11-16,722.1484375,1331.537841796875,376.5169677734375,2970.366455078125,1166.285400390625,1157.5869140625
2023-11-17,720.5924682617188,1324.7645263671875,377.031982421875,3026.684814453125,1163.7412109375,1162.501220703125
2023-11-20,720.640380859375,1323.888916015625,374.9289855957031,3007.019775390625,1160.6781005859375,1156.0784912109375
2023-11-21,726.7446899414062,1326.1007080078125,374.4568786621094,2993.43896484375,1175.2769775390625,1169.118408203125
2023-11-22,724.1593627929688,1343.4256591796875,377.418212890625,3000.69189453125,1179.87158203125,1171.745849609375
2023-11-23,728.3485717773438,1335.5465087890625,377.9761047363281,2965.011962890625,1183.4781494140625,1166.58837890625
2023-11-24,733.5191650390625,1324.626220703125,375.787353515625,2973.384521484375,1182.6876220703125,1163.328125
2023-11-28,731.8674926757812,1329.5103759765625,373.5985107421875,2969.2470703125,1182.9346923828125,1159.33837890625
2023-11-29,746.4699096679688,1345.0843505859375,375.2723388671875,3002.103515625,1186.047119140625,1169.89697265625
2023-11-30,746.3023071289062,1340.983642578125,374.07061767578125,3026.87939453125,1174.5606689453125,1192.911376953125
2023-12-01,744.6744995117188,1338.357177734375,386.08758544921875,3106.1728515625,1182.88525390625,1198.166259765625
2023-12-04,770.5278930664062,1349.461669921875,389.735595703125,3225.819091796875,1195.680908203125,1198.069091796875
2023-12-05,777.374267578125,1339.8778076171875,387.7613830566406,3227.668701171875,1204.3514404296875,1206.243408203125
2023-12-06,779.3372802734375,1358.6312255859375,397.6324462890625,3302.484130859375,1215.8873291015625,1207.0216064453125
2023-12-07,780.6058959960938,1350.89013671875,393.2119445800781,3266.755859375,1213.886474609375,1206.0
2023-12-08,791.4979248046875,1374.1591796875,385.5296630859375,3289.0009765625,1213.2442626953125,1202.5941162109375
2023-12-11,790.4446411132812,1371.7169189453125,388.3622131347656,3296.156005859375,1215.022705078125,1208.043701171875
2023-12-12,782.5928955078125,1360.243896484375,388.920166015625,3253.9052734375,1197.5831298828125,1185.272216796875
2023-12-13,780.8214111328125,1335.3160400390625,391.1089782714844,3309.78564453125,1202.4739990234375,1199.9666748046875
2023-12-14,790.0376586914062,1383.651123046875,394.9286193847656,3342.203857421875,1217.39404296875,1198.215087890625
2023-12-15,793.101806640625,1454.5638427734375,393.2977600097656,3395.650146484375,1232.9317626953125,1202.54541015625
2023-12-18,792.69482421875,1441.6160888671875,387.675537109375,3399.155029296875,1245.4803466796875,1219.088623046875
2023-12-19,791.3543090820312,1436.0408935546875,391.4952087402344,3406.310302734375,1263.8094482421875,1211.4981689453125
2023-12-20,793.3172607421875,1415.85888671875,387.11761474609375,3327.990478515625,1248.518798828125,1199.042236328125
2023-12-21,807.53662109375,1415.490478515625,387.50390625,3333.49072265625,1266.0079345703125,1200.35595703125
2023-12-22,799.9481811523438,1440.280029296875,390.72271728515625,3385.866455078125,1267.242919921875,1210.233154296875
2023-12-26,805.5018920898438,1422.8167724609375,391.7956237792969,3397.646240234375,1273.66552734375,1213.979736328125
2023-12-27,815.4841918945312,1444.150390625,392.3535461425781,3450.167724609375,1278.01318359375,1218.796630859375
2023-12-28,816.417724609375,1440.049560546875,398.362060546875,3424.904541015625,1287.251708984375,1228.236083984375
2023-12-29,818.3328247070312,1421.8489990234375,396.6453552246094,3432.644287109375,1277.074462890625,1225.6087646484375
2024-01-01,812.9945678710938,1429.635986328125,401.7525634765625,3432.108642578125,1279.69287109375,1226.3870849609375
2024-01-02,813.4733276367188,1414.0157470703125,403.7267761230469,3347.071533203125,1290.2900390625,1261.37109375
2024-01-03,800.9296264648438,1373.099365234375,409.6493835449219,3349.26220703125,1276.2593994140625,1263.7066650390625
2024-01-04,809.5235595703125,1394.0184326171875,408.9198303222656,3367.1259765625,1282.8546142578125,1277.6710205078125
2024-01-05,805.3821411132812,1412.31103515625,406.8168640136719,3428.652587890625,1288.3138427734375,1265.2635498046875
2024-01-08,796.4053344726562,1403.3260498046875,399.56378173828125,3408.40380859375,1278.26025390625,1270.2266845703125
2024-01-09,790.2052612304688,1409.3160400390625,398.748291015625,3461.80126953125,1274.8758544921875,1288.4241943359375
2024-01-10,792.8145751953125,1400.653564453125,397.67535400390625,3451.627685546875,1309.26123046875,1289.251220703125
2024-01-11,789.487060546875,1376.9698486328125,397.117431640625,3412.054443359375,1343.6961669921875,1280.88232421875
2024-01-12,785.752685546875,1486.2188720703125,400.59375,3474.31103515625,1354.3919677734375,1290.32177734375
2024-01-15,800.8818359375,1522.4814453125,401.3663024902344,3449.242919921875,1377.51318359375,1293.63037109375
2024-01-16,803.9219360351562,1503.5439453125,405.4005432128906,3478.886474609375,1358.24560546875,1278.1575927734375
2024-01-17,736.1046142578125,1511.51513671875,400.5079345703125,3476.404052734375,1345.35107421875,1264.095947265625
2024-01-18,711.5198364257812,1513.726806640625,399.56378173828125,3500.791015625,1351.6500244140625,1299.8583984375
2024-01-19,704.0989990234375,1529.0244140625,404.7138671875,3549.466796875,1351.156005859375,1299.7125244140625
2024-01-23,683.3683471679688,1513.312255859375,394.241943359375,3456.982177734375,1312.7442626953125,1341.2650146484375
2024-01-24,697.0371704101562,1543.953369140625,397.932861328125,3494.170654296875,1327.862060546875,1344.9627685546875
2024-01-25,686.9830932617188,1538.1478271484375,391.1089782714844,3498.308349609375,1336.9522705078125,1331.53369140625
2024-01-29,696.438720703125,1526.62841796875,386.08758544921875,3609.825439453125,1430.7957763671875,1363.2091064453125
2024-01-30,691.4835205078125,1521.8824462890625,376.0019226074219,3537.103271484375,1390.852294921875,1334.8912353515625
2024-01-31,700.2210083007812,1530.5911865234375,379.0061950683594,3387.618896484375,1409.6258544921875,1380.3360595703125
2024-02-01,702.0402221679688,1527.0433349609375,380.1649475097656,3308.033203125,1409.650634765625,1370.118408203125
2024-02-02,692.3692016601562,1560.4952392578125,377.76153564453125,3286.664306640625,1440.3306884765625,1378.584716796875
2024-02-05,691.7467651367188,1554.82763671875,376.0019226074219,3253.272705078125,1421.878173828125,1424.4677734375
2024-02-06,691.3877563476562,1593.7628173828125,370.2938537597656,3333.588134765625,1410.7869873046875,1435.464111328125
2024-02-07,684.6130981445312,1560.86376953125,370.6372375488281,3304.82080078125,1424.9659423828125,1455.9971923828125
2024-02-08,671.7342529296875,1559.34326171875,361.260986328125,3247.187744140625,1432.845947265625,1459.305908203125
2024-02-09,671.99755859375,1538.378173828125,362.0888977050781,3236.528076171875,1443.3443603515625,1502.0740966796875
2024-02-12,665.4863891601562,1548.2847900390625,354.55078125,3212.18994140625,1435.04443359375,1501.7313232421875
2024-02-13,667.616943359375,1552.3856201171875,354.4636535644531,3233.55859375,1447.642333984375,1509.316162109375
2024-02-14,662.6378173828125,1535.4752197265625,358.64666748046875,3221.3896484375,1463.7235107421875,1487.9810791015625
2024-02-15,677.0007934570312,1544.8289794921875,351.9800109863281,3212.919677734375,1453.076904296875,1477.7049560546875
2024-02-16,679.801513671875,1568.14404296875,352.5900573730469,3297.080810546875,1443.17138671875,1477.753662109375
2024-02-19,678.4609375,1566.39306640625,356.6423034667969,3251.423095703125,1456.4364013671875,1497.47412109375
2024-02-20,696.2711181640625,1553.0306396484375,353.8971862792969,3267.87548828125,1453.4969482421875,1505.8907470703125
2024-02-21,689.017822265625,1525.6610107421875,351.5007019042969,3209.123046875,1450.2115478515625,1510.4906005859375
2024-02-22,679.634033203125,1549.4366455078125,361.1738586425781,3274.68994140625,1464.0941162109375,1524.828369140625
2024-02-23,680.1366577148438,1545.289794921875,358.51593017578125,3298.249267578125,1475.82763671875,1527.9599609375
2024-02-26,680.9505615234375,1529.9000244140625,356.5987243652344,3378.272705078125,1469.6026611328125,1523.751708984375
2024-02-27,679.9212646484375,1533.079345703125,358.29803466796875,3413.611572265625,1467.94775390625,1549.0015869140625
2024-02-28,674.7744750976562,1540.129150390625,355.8144226074219,3378.321533203125,1438.2803955078125,1540.291259765625
2024-02-29,671.9019165039062,1542.5711669921875,354.07147216796875,3385.47705078125,1443.3939208984375,1544.3038330078125
2024-03-01,684.9961547851562,1524.87744140625,356.86016845703125,3537.298095703125,1474.345458984375,1526.0025634765625
2024-03-04,685.9296875,1508.75048828125,356.5115966796875,3547.9580078125,1489.4384765625,1519.005126953125
2024-03-05,689.8317260742188,1480.4591064453125,353.9407653808594,3516.95166015625,1482.32421875,1540.6337890625
2024-03-06,690.6695556640625,1490.6422119140625,355.4222412109375,3545.767578125,1485.0908203125,1569.79833984375
2024-03-07,692.3452758789062,1489.6285400390625,360.3895568847656,3579.59765625,1461.3028564453125,1571.4620361328125
2024-03-11,683.5838012695312,1475.0220947265625,356.7730407714844,3544.2099609375,1449.1246337890625,1559.6202392578125
2024-03-12,698.7846069335938,1486.4029541015625,352.4593811035156,3525.761474609375,1457.8446044921875,1550.5185546875
2024-03-13,699.1915893554688,1484.9747314453125,368.1455078125,3444.86181640625,1415.10986328125,1525.366455078125
2024-03-14,696.82177734375,1523.5875244140625,365.7054138183594,3512.667724609375,1414.4180908203125,1536.7191162109375
2024-03-15,695.481201171875,1505.8016357421875,365.2261047363281,3443.4990234375,1401.3260498046875,1515.188232421875
2024-03-18,692.3212890625,1476.9112548828125,363.7882385253906,3466.912353515625,1422.3228759765625,1537.74658203125
2024-03-19,693.9012451171875,1438.943603515625,356.90374755859375,3408.987548828125,1408.267333984375,1515.4329833984375
2024-03-20,685.1398315429688,1432.95361328125,362.26318359375,3416.77587890625,1426.546875,1516.3138427734375
2024-03-21,692.1776733398438,1432.7230224609375,367.0997314453125,3465.744140625,1433.685791015625,1531.82568359375
2024-03-22,690.7892456054688,1390.470458984375,373.5049133300781,3522.013671875,1437.6876220703125,1574.593994140625
2024-03-26,682.4347534179688,1375.54150390625,372.6770324707031,3572.928955078125,1424.3978271484375,1564.024169921875
2024-03-27,689.7598876953125,1367.431884765625,372.9820251464844,3608.267822265625,1475.061767578125,1569.9453125
2024-03-28,693.2069702148438,1380.517822265625,373.2870788574219,3664.245361328125,1468.1451416015625,1585.99560546875
2024-04-01,704.0271606445312,1378.1217041015625,371.84912109375,3736.383544921875,1467.0830078125,1594.5098876953125
2024-04-02,708.6472778320312,1366.5103759765625,371.1084289550781,3706.59375,1469.2320556640625,1587.6591796875
2024-04-03,709.6766357421875,1364.4830322265625,370.5419616699219,3682.304443359375,1454.0650634765625,1585.3104248046875
2024-04-04,731.3648071289062,1370.058349609375,368.40692138671875,3697.296630859375,1445.493408203125,1584.821044921875
2024-04-05,741.8737182617188,1363.0545654296875,372.58990478515625,3643.99609375,1442.7020263671875,1574.69189453125
2024-04-08,740.4613647460938,1360.8427734375,373.9406433105469,3707.031982421875,1468.2686767578125,1565.5902099609375
2024-04-09,741.3949584960938,1377.56884765625,371.5441589355469,3685.0302734375,1446.2098388671875,1568.37939453125
2024-04-10,735.553955078125,1388.5814208984375,380.78155517578125,3653.82861328125,1461.945068359375,1569.847412109375
2024-04-12,727.223388671875,1368.2613525390625,374.8121032714844,3581.836669921875,1449.6680908203125,1507.1629638671875
2024-04-15,715.61328125,1352.963623046875,371.1520080566406,3505.4638671875,1447.3707275390625,1507.2120361328125
2024-04-16,722.5794677734375,1303.4766845703125,371.1520080566406,3449.632080078125,1448.2847900390625,1504.7655029296875
2024-04-18,715.61328125,1307.9002685546875,365.0082092285156,3456.93359375,1446.876708984375,1484.06640625
2024-04-19,733.13623046875,1300.52783203125,370.14984130859375,3425.197021484375,1452.607666015625,1490.3299560546875
2024-04-22,723.9917602539062,1320.341064453125,370.629150390625,3517.048583984375,1462.2166748046875,1507.260986328125
2024-04-23,721.7893676757812,1329.2337646484375,374.0278015136719,3514.56591796875,1441.936279296875,1452.993408203125
2024-04-24,723.7523193359375,1318.498046875,373.7663269042969,3538.612060546875,1432.8953857421875,1454.06982421875
2024-04-25,723.2974853515625,1325.59375,381.304443359375,3555.600341796875,1442.5784912109375,1487.736328125
2024-04-26,722.8427734375,1318.037109375,383.4394836425781,3509.747314453125,1435.2420654296875,1474.42626953125
2024-04-29,732.2744140625,1322.1842041015625,381.8708801269531,3538.076904296875,1447.5684814453125,1489.1553955078125
2024-04-30,727.7740478515625,1309.098388671875,379.6486511230469,3499.135986328125,1449.5198974609375,1470.0712890625
2024-05-02,733.591064453125,1303.4766845703125,382.56805419921875,3504.197998046875,1449.0753173828125,1486.61083984375
2024-05-03,727.5345458984375,1305.181640625,380.3457946777344,3407.137939453125,1416.9130859375,1478.9283447265625
2024-05-06,728.994873046875,1314.028564453125,378.8643493652344,3371.604248046875,1402.610595703125,1496.5445556640625
2024-05-07,721.0952758789062,1327.8975830078125,383.74444580078125,3336.995361328125,1384.775634765625,1483.038818359375
2024-05-08,709.8441772460938,1315.3187255859375,384.3109436035156,3394.531005859375,1401.6470947265625,1489.30224609375
2024-05-09,693.0155029296875,1326.6075439453125,370.454833984375,3188.727783203125,1377.51318359375,1462.780029296875
2024-05-10,697.820068359375,1313.1068115234375,377.64434814453125,3184.833740234375,1390.65478515625,1474.42626953125
2024-05-13,706.2400512695312,1311.7705078125,376.337158203125,3206.640869140625,1385.986083984375,1492.5318603515625
2024-05-14,709.0062866210938,1312.9224853515625,374.4635314941406,3289.974365234375,1403.1539306640625,1512.301025390625
2024-05-15,698.1111450195312,1308.545166015625,372.8077697753906,3320.98095703125,1399.3994140625,1494.831787109375
2024-05-16,708.6665649414062,1339.3248291015625,375.9885559082031,3368.975830078125,1408.3660888671875,1503.5421142578125
2024-05-17,710.5349731445312,1330.98486328125,380.215087890625,3359.386474609375,1418.5927734375,1498.7464599609375
2024-05-21,707.9629516601562,1321.63134765625,378.9079284667969,3349.845947265625,1419.0126953125,1508.0927734375
2024-05-22,708.1570434570312,1340.6612548828125,383.3523254394531,3369.21923828125,1443.2454833984375,1506.47802734375
2024-05-23,724.3661499023438,1356.8802490234375,384.6159362792969,3490.471435546875,1468.343017578125,1463.2203369140625
2024-05-24,736.3046875,1350.15283203125,380.1279602050781,3529.899169921875,1462.6119384765625,1454.9996337890625
2024-05-27,741.400390625,1355.91259765625,376.0320739746094,3555.30810546875,1448.77880859375,1434.7900390625
2024-05-28,742.75927734375,1351.9500732421875,373.853515625,3561.343994140625,1438.8486328125,1433.6644287109375
2024-05-29,731.9855346679688,1337.1131591796875,375.5528259277344,3538.5634765625,1423.607421875,1447.414794921875
2024-05-30,735.1642456054688,1315.4569091796875,369.365478515625,3538.466064453125,1407.8720703125,1427.988037109375
2024-05-31,743.2688598632812,1322.4595947265625,371.6312561035156,3572.150390625,1413.35595703125,1428.6732177734375
2024-06-03,762.9964599609375,1321.519775390625,375.02996826171875,3793.96728515625,1492.32861328125,1422.067138671875
2024-06-04,719.7800903320312,1310.0048828125,368.496826171875,3313.095703125,1380.625732421875,1399.36181640625
2024-06-05,753.0962524414062,1344.2672119140625,381.89837646484375,3318.741943359375,1403.821044921875,1455.5869140625
2024-06-06,756.93017578125,1383.8875732421875,386.42462158203125,3390.3447265625,1414.5416259765625,1441.298095703125
2024-06-07,763.5545654296875,1441.555419921875,389.7528991699219,3438.97216796875,1452.4345703125,1474.7198486328125
2024-06-10,757.7066650390625,1409.7371826171875,387.75592041015625,3449.92431640625,1453.867431640625,1480.8365478515625
2024-06-11,759.4052734375,1405.97705078125,384.29461669921875,3503.41943359375,1439.3179931640625,1467.7713623046875
2024-06-12,763.94287109375,1396.060302734375,383.67333984375,3534.182861328125,1445.8885498046875,1474.7198486328125
2024-06-13,767.1458129882812,1404.2850341796875,381.89837646484375,3605.5908203125,1447.790771484375,1478.5858154296875
2024-06-14,774.9835205078125,1399.5382080078125,382.6527099609375,3590.16015625,1459.9442138671875,1483.6748046875
2024-06-18,780.2733764648438,1408.2799072265625,380.5226745605469,3591.523193359375,1463.3778076171875,1488.519287109375
2024-06-19,804.5628051757812,1420.6407470703125,375.996337890625,3494.901123046875,1441.26953125,1471.9307861328125
2024-06-20,810.143798828125,1424.4476318359375,375.68572998046875,3526.7890625,1456.139892578125,1439.6343994140625
2024-06-21,808.396728515625,1440.70947265625,372.4018859863281,3468.45849609375,1436.8724365234375,1435.96435546875
2024-06-24,811.6240844726562,1435.492431640625,375.68572998046875,3465.122314453125,1424.298828125,1462.6331787109375
2024-06-25,830.5266723632812,1449.4041748046875,375.68572998046875,3520.264404296875,1436.822998046875,1473.1051025390625
2024-06-26,825.7463989257812,1448.2291259765625,376.2625732421875,3535.12939453125,1495.9844970703125,1488.715087890625
2024-06-27,823.1500244140625,1478.9195556640625,377.7270202636719,3497.304931640625,1512.312744140625,1483.9195556640625
2024-06-28,817.156494140625,1472.7156982421875,377.1057434082031,3481.655029296875,1546.7474365234375,1488.42138671875
2024-07-01,827.5420532226562,1495.3223876953125,380.7889404296875,3460.16748046875,1541.5599365234375,1487.6873779296875
2024-07-02,839.8687744140625,1523.7567138671875,377.6382751464844,3558.23583984375,1546.5250244140625,1491.55322265625
2024-07-03,858.3346557617188,1529.7257080078125,380.1232604980469,3546.314697265625,1533.927001953125,1501.2420654296875
2024-07-04,838.1945190429688,1551.5802001953125,380.7889404296875,3506.03759765625,1535.5079345703125,1524.681396484375
2024-07-05,799.8311157226562,1548.572265625,384.87152099609375,3558.873779296875,1569.6956787109375,1534.95751953125
2024-07-08,793.6434326171875,1561.9200439453125,393.7022705078125,3563.63232421875,1581.824462890625,1523.21337890625
2024-07-09,794.2015991210938,1557.68994140625,401.6899108886719,3597.0908203125,1571.3260498046875,1551.594970703125
2024-07-10,789.1544799804688,1549.32421875,400.6693420410156,3581.3427734375,1565.3480224609375,1564.4647216796875
2024-07-11,787.1161499023438,1553.507080078125,407.0594177246094,3552.937744140625,1561.815673828125,1548.0228271484375
2024-07-12,787.50439453125,1609.0130615234375,407.4143981933594,3580.656005859375,1577.6990966796875,1548.56298828125
2024-07-15,787.213134765625,1604.5950927734375,411.2751159667969,3582.863525390625,1578.1932373046875,1557.300537109375
2024-07-16,786.07275390625,1622.454833984375,413.1832580566406,3568.096923828125,1557.468017578125,1550.526611328125
2024-07-18,783.6704711914062,1652.5343017578125,417.3545837402344,3587.376708984375,1567.76904296875,1565.2041015625
2024-07-19,780.0307006835938,1685.3394775390625,421.1709289550781,3550.386474609375,1536.61962890625,1540.070556640625
2024-07-22,797.1377563476562,1702.1651611328125,414.07080078125,3582.71630859375,1482.7935791015625,1558.4298095703125
2024-07-23,785.4175415039062,1726.6517333984375,436.8355712890625,3471.450927734375,1470.1707763671875,1572.4202880859375
2024-07-24,778.4534301757812,1723.8787841796875,438.47747802734375,3453.200927734375,1477.8778076171875,1589.9449462890625
2024-07-25,784.5440673828125,1715.324951171875,434.8386535644531,3551.0244140625,1474.6171875,1635.4505615234375
2024-07-26,785.2962646484375,1766.130859375,445.7107849121094,3610.630615234375,1491.044189453125,1683.017822265625
2024-07-29,778.9387817382812,1758.799072265625,440.2525329589844,3703.8916015625,1501.987060546875,1691.853759765625
2024-07-30,784.034423828125,1764.48583984375,434.7943115234375,3713.408935546875,1495.1199951171875,1670.5982666015625
2024-07-31,784.1315307617188,1756.1201171875,439.6312561035156,3743.187744140625,1487.487060546875,1688.02490234375
2024-08-01,795.3178100585938,1741.4095458984375,438.1669006347656,3708.15966796875,1497.244384765625,1683.9503173828125
2024-08-02,805.1937255859375,1711.8939208984375,434.08428955078125,3596.6982421875,1481.4595947265625,1700.1007080078125
2024-08-05,784.1315307617188,1646.7532958984375,431.3329772949219,3461.590087890625,1430.079345703125,1689.006591796875
2024-08-06,777.0703125,1646.0013427734375,431.5992736816406,3508.8828125,1438.7003173828125,1676.4398193359375
2024-08-07,787.892578125,1684.11767578125,437.2349853515625,3569.764892578125,1447.3707275390625,1702.8497314453125
2024-08-08,797.2105102539062,1638.5284423828125,439.0987548828125,3486.6591796875,1431.8577880859375,1705.4024658203125
2024-08-09,800.8502197265625,1664.471923828125,440.1194152832031,3524.4345703125,1456.7330322265625,1703.6842041015625
2024-08-12,805.65478515625,1689.5223388671875,438.9656066894531,3504.712890625,1443.220703125,1702.2606201171875
2024-08-13,778.0408935546875,1689.5693359375,434.8830261230469,3484.9423828125,1446.1851806640625,1708.396728515625
2024-08-14,780.2733764648438,1713.821044921875,436.8355712890625,3478.46630859375,1444.43115234375,1709.9185791015625
2024-08-16,792.0662841796875,1747.378173828125,446.1101379394531,3501.1806640625,1460.58642578125,1710.99853515625
2024-08-19,791.7993774414062,1752.8773193359375,445.0451354980469,3488.131103515625,1475.65625,1715.9566650390625
2024-08-20,794.783935546875,1759.8330078125,442.6932067871094,3505.44873046875,1483.1416015625,1734.16845703125
2024-08-21,789.0089111328125,1760.3028564453125,448.55084228515625,3528.359375,1485.8433837890625,1732.49951171875
2024-08-22,791.6780395507812,1767.39990234375,447.79644775390625,3538.6123046875,1485.2979736328125,1718.7545166015625
2024-08-23,788.6448364257812,1750.3392333984375,448.90582275390625,3530.81201171875,1487.1322021484375,1743.3973388671875
2024-08-26,795.8758544921875,1763.5460205078125,448.8170471191406,3573.34619140625,1499.649169921875,1740.1572265625
2024-08-27,794.8082885742188,1786.05859375,444.29071044921875,3633.00146484375,1487.6031494140625,1756.798583984375
2024-08-28,794.4927368164062,1822.7177734375,441.3619384765625,3619.608642578125,1485.4716796875,1778.839599609375
2024-08-29,795.1964721679688,1817.3128662109375,448.2845764160156,3614.114013671875,1507.90283203125,1766.419921875
2024-08-30,794.395751953125,1827.0416259765625,445.44451904296875,3634.9150390625,1496.6995849609375,1788.4609375
2024-09-02,789.56689453125,1846.5933837890625,452.6777648925781,3613.770751953125,1503.2679443359375,1782.86474609375
2024-09-03,794.6141357421875,1824.7388916015625,452.10089111328125,3620.687744140625,1496.203857421875,1778.4959716796875
2024-09-04,796.773681640625,1807.0670166015625,449.3939514160156,3582.07861328125,1501.5823974609375,1799.45703125
2024-09-05,798.5450439453125,1817.1248779296875,453.6983947753906,3555.93017578125,1480.192138671875,1793.22265625
2024-09-06,794.4199829101562,1787.70361328125,445.2669982910156,3507.460205078125,1452.2830810546875,1791.3082275390625
2024-09-09,799.0546264648438,1780.9356689453125,454.1865539550781,3510.943359375,1449.928466796875,1788.657470703125
2024-09-10,800.9229736328125,1797.5263671875,455.82843017578125,3528.457275390625,1449.011474609375,1802.89306640625
2024-09-11,797.7929077148438,1795.50537109375,456.49407958984375,3470.37158203125,1439.072265625,1812.07275390625
2024-09-12,808.8092651367188,1833.3865966796875,461.0647888183594,3553.82080078125,1467.1298828125,1831.4139404296875
2024-09-13,808.4937744140625,1827.4176025390625,456.0503234863281,3544.989990234375,1460.016357421875,1819.9761962890625
2024-09-16,810.9202880859375,1833.1986083984375,453.60968017578125,3593.31298828125,1458.7523193359375,1829.008544921875
2024-09-17,809.876953125,1835.3604736328125,450.636474609375,3625.642822265625,1459.6942138671875,1832.10107421875
2024-09-18,822.494873046875,1778.5855712890625,450.2814636230469,3660.229248046875,1450.9197998046875,1802.549560546875
2024-09-19,829.1435546875,1780.5125732421875,451.0802307128906,3614.359375,1457.0916748046875,1812.41650390625
2024-09-20,845.0130004882812,1791.3695068359375,456.5384826660156,3722.48486328125,1473.2025146484375,1831.757568359375
2024-09-23,854.0397338867188,1782.6275634765625,458.8016052246094,3716.401611328125,1480.5887451171875,1828.7630615234375
2024-09-24,858.0435180664062,1784.6485595703125,457.2928466796875,3720.228271484375,1476.6229248046875,1834.0645751953125
2024-09-25,863.406005859375,1781.546630859375,459.3341369628906,3722.43603515625,1481.15869140625,1836.47021484375
2024-09-26,865.5171508789062,1786.1995849609375,463.94921875,3691.332275390625,1485.12451171875,1863.812744140625
2024-09-27,850.5697631835938,1792.3094482421875,463.90484619140625,3635.89599609375,1513.10791015625,1913.1961669921875
2024-09-30,840.572509765625,1763.0289306640625,459.86663818359375,3606.36279296875,1463.9324951171875,1891.5970458984375
2024-10-01,837.7334594726562,1790.0533447265625,458.135986328125,3584.727783203125,1452.2830810546875,1884.969970703125
2024-10-03,816.282958984375,1779.7606201171875,455.0740661621094,3431.811279296875,1394.928466796875,1876.0357666015625
2024-10-04,804.4658203125,1803.025146484375,446.9089050292969,3428.180908203125,1374.653564453125,1875.25048828125
2024-10-07,785.1264038085938,1818.2059326171875,452.8109130859375,3403.06298828125,1358.98876953125,1870.537841796875
2024-10-08,801.2627563476562,1831.6005859375,450.81396484375,3465.9072265625,1385.3857421875,1882.2210693359375
2024-10-09,792.5758056640625,1835.548583984375,436.3918151855469,3421.4599609375,1362.8306884765625,1895.6715087890625
2024-10-10,806.7709350585938,1803.82421875,436.7024841308594,3395.213623046875,1359.31103515625,1853.356689453125
2024-10-11,801.238525390625,1818.9578857421875,433.2855529785156,3416.995849609375,1360.35205078125,1867.298095703125
2024-10-14,819.2432861328125,1841.3294677734375,441.0513000488281,3488.131103515625,1360.7734375,1874.955810546875
2024-10-15,817.3020629882812,1841.70556640625,442.4713134765625,3485.040283203125,1332.5174560546875,1863.8616943359375
2024-10-16,824.9214477539062,1804.8582763671875,437.72308349609375,3466.103515625,1342.4814453125,1863.9107666015625
2024-10-17,811.988037109375,1849.977294921875,433.90679931640625,3503.093994140625,1344.811279296875,1855.1240234375
2024-10-18,816.2101440429688,1766.788818359375,431.9542236328125,3510.452880859375,1347.66162109375,1875.5450439453125
2024-10-21,838.9466552734375,1741.5504150390625,429.2473449707031,3518.10595703125,1357.4769287109375,1862.438232421875
2024-10-22,832.0797119140625,1740.46923828125,427.60540771484375,3445.793212890625,1331.84814453125,1853.160400390625
2024-10-23,842.3923950195312,1760.9610595703125,426.31854248046875,3390.356689453125,1327.064453125,1805.8385009765625
2024-10-24,849.1138305664062,1751.51416015625,418.6415100097656,3377.8466796875,1328.3287353515625,1815.2144775390625
2024-10-25,846.0806884765625,1750.2923583984375,428.0491638183594,3263.784912109375,1316.4808349609375,1826.5048828125
2024-10-28,841.6158447265625,1753.394287109375,429.6910705566406,3277.9140625,1322.9251708984375,1868.230712890625
2024-10-29,850.1814575195312,1748.59326171875,433.06365966796875,3317.259033203125,1328.52685546875,1837.5008544921875
2024-10-30,841.8099975585938,1713.227783203125,436.2586975097656,3344.192626953125,1332.3935546875,1818.3560791015625
2024-10-31,842.3438720703125,1670.5897216796875,433.8180236816406,3554.114990234375,1320.64501953125,1815.2144775390625
2024-11-01,843.120361328125,1674.011962890625,435.1492919921875,3558.0888671875,1327.1884765625,1824.54150390625
2024-11-04,831.8612670898438,1676.6739501953125,430.0904846191406,3507.16552734375,1291.0009765625,1775.943359375
2024-11-05,853.0933227539062,1667.68994140625,426.1854248046875,3507.50927734375,1294.1240234375,1770.7398681640625
2024-11-06,851.83154296875,1733.7625732421875,426.9841613769531,3576.8291015625,1314.0023193359375,1794.1552734375
2024-11-07,847.6094360351562,1714.1309814453125,424.14410400390625,3577.90869140625,1294.4710693359375,1758.3201904296875
2024-11-08,851.4432983398438,1739.704345703125,424.2771911621094,3591.39990234375,1272.7584228515625,1776.6304931640625
2024-11-11,857.1941528320312,1768.367431640625,423.3009948730469,3560.5419921875,1261.802978515625,1761.9036865234375
2024-11-12,833.8509521484375,1776.6383056640625,419.66217041015625,3523.747802734375,1263.33984375,1768.0400390625
2024-11-13,815.967529296875,1776.2581787109375,419.08526611328125,3481.16455078125,1241.3299560546875,1746.5880126953125
2024-11-14,821.5,1772.5980224609375,413.53826904296875,3459.873291015625,1256.746826171875,1735.98486328125
2024-11-18,827.4934692382812,1722.11669921875,414.07080078125,3475.4736328125,1249.9554443359375,1715.9073486328125
2024-11-19,845.5226440429688,1734.7607421875,414.7807922363281,3439.906005859375,1231.0189208984375,1744.869873046875
2024-11-21,845.0130004882812,1743.6021728515625,405.7281494140625,3417.927978515625,1212.5286865234375,1747.56982421875
2024-11-22,847.1483154296875,1808.438720703125,421.2596740722656,3535.6689453125,1254.5655517578125,1762.591064453125
2024-11-25,866.560546875,1796.5076904296875,423.1678466796875,3682.35498046875,1275.9805908203125,1766.12548828125
2024-11-26,866.5363159179688,1829.2586669921875,423.3453674316406,3632.903564453125,1284.606201171875,1729.505126953125
2024-11-27,879.5181884765625,1829.591552734375,423.3009948730469,3629.076904296875,1282.1275634765625,1717.576416015625
2024-11-28,870.2245483398438,1765.0875244140625,421.4815368652344,3597.041748046875,1259.91943359375,1702.6533203125
2024-11-29,871.632080078125,1766.2283935546875,423.12347412109375,3654.685791015625,1281.1361083984375,1748.4534912109375
2024-12-02,875.8298950195312,1787.0960693359375,423.5228271484375,3634.326171875,1297.941162109375,1775.599609375
2024-12-03,886.3125,1798.789306640625,419.3958740234375,3715.763916015625,1311.9698486328125,1767.2547607421875
2024-12-04,902.7157592773438,1796.079833984375,414.5589294433594,3718.56005859375,1297.74267578125,1767.4017333984375
2024-12-05,905.457763671875,1839.4310302734375,414.9139099121094,3759.42626953125,1310.7305908203125,1780.4102783203125
2024-12-06,900.6531982421875,1827.5950927734375,418.15338134765625,3793.914306640625,1300.3204345703125,1771.9669189453125
2024-12-09,907.5203247070312,1828.783447265625,412.6507568359375,3872.99755859375,1284.0609130859375,1773.7342529296875
2024-12-10,906.59814453125,1852.4554443359375,413.0945129394531,3849.302001953125,1273.8489990234375,1776.97412109375
2024-12-11,904.1716918945312,1876.79296875,412.9170227050781,3843.0224609375,1267.2559814453125,1780.9505615234375
2024-12-12,902.30322265625,1889.00927734375,408.7900695800781,3787.242431640625,1252.0870361328125,1772.55615234375
2024-12-13,908.3695678710938,1901.0828857421875,417.1327209472656,3813.83251953125,1261.951904296875,1780.4102783203125
2024-12-16,905.1907958984375,1882.402099609375,417.221435546875,3804.854736328125,1257.44091796875,1776.826904296875
2024-12-17,889.6853637695312,1879.1221923828125,416.73333740234375,3735.534423828125,1234.6376953125,1756.4549560546875
2024-12-18,878.74169921875,1881.54638671875,417.5765075683594,3687.407958984375,1242.5196533203125,1768.2364501953125
2024-12-19,870.3944702148438,1850.2213134765625,414.07080078125,3646.394775390625,1219.914794921875,1790.0811767578125
2024-12-20,859.7177734375,1827.357421875,412.384521484375,3561.523193359375,1194.980224609375,1775.8941650390625
2024-12-23,874.0343017578125,1829.4013671875,420.9046936035156,3571.97265625,1211.834716796875,1781.5394287109375
2024-12-24,872.6268310546875,1814.9034423828125,424.6322326660156,3571.236572265625,1212.28076171875,1785.8592529296875
2024-12-26,869.059814453125,1813.3348388671875,423.3009948730469,3561.1796875,1206.1339111328125,1807.802001953125
2024-12-27,872.6996459960938,1822.2237548828125,424.765380859375,3540.1826171875,1210.595458984375,1827.339599609375
2024-12-30,862.82373046875,1812.0037841796875,423.3453674316406,3511.5810546875,1200.333984375,1849.576904296875
2024-12-31,860.3728637695312,1787.2860107421875,429.2473449707031,3539.74072265625,1205.043212890625,1851.9822998046875
2025-01-01,865.1774291992188,1789.662841796875,429.51361083984375,3598.46435546875,1210.7935791015625,1855.5167236328125
2025-01-02,870.5158081054688,1861.296875,434.0399169921875,3643.598388671875,1231.167724609375,1843.784423828125
2025-01-03,848.8954467773438,1843.1387939453125,427.42791748046875,3591.007080078125,1240.437744140625,1815.950927734375
2025-01-06,830.1141357421875,1842.283203125,407.9893493652344,3535.37451171875,1207.5714111328125,1813.741943359375
2025-01-07,831.5215454101562,1835.6282958984375,406.56072998046875,3574.719970703125,1230.2257080078125,1819.632568359375
2025-01-08,822.2522583007812,1837.81494140625,414.34906005859375,3528.65380859375,1254.664794921875,1804.2677001953125
2025-01-09,809.3916625976562,1822.7467041015625,414.8559875488281,3461.491943359375,1244.0067138671875,1793.0753173828125
2025-01-10,804.029052734375,1869.947998046875,410.0631408691406,3469.586669921875,1231.266845703125,1752.2823486328125
2025-01-13,791.4595947265625,1865.4322509765625,404.67120361328125,3399.089111328125,1229.234375,1715.072998046875
2025-01-14,799.1031494140625,1844.374755859375,402.4130554199219,3397.42138671875,1228.143798828125,1738.58642578125
2025-01-15,797.38037109375,1853.501220703125,403.1043701171875,3435.49072265625,1241.478515625,1724.8416748046875
2025-01-16,801.7481079101562,1833.3466796875,398.95672607421875,3441.868408203125,1255.6065673828125,1731.174072265625
2025-01-17,794.3229370117188,1725.9193115234375,405.7312316894531,3501.474853515625,1291.19921875,1754.00048828125
2025-01-20,801.35986328125,1723.8756103515625,403.42694091796875,3525.366455078125,1294.272705078125,1745.8516845703125
2025-01-21,797.0648803710938,1711.896728515625,403.28863525390625,3474.44384765625,1262.7945556640625,1730.5849609375
2025-01-22,808.5423583984375,1764.8974609375,402.78173828125,3451.974609375,1266.1654052734375,1766.174560546875
2025-01-23,807.9843139648438,1773.4534912109375,405.7312316894531,3437.305908203125,1252.83056640625,1800.1932373046875
2025-01-24,800.6561889648438,1782.96044921875,407.0215759277344,3393.10400390625,1235.6292724609375,1789.0008544921875
2025-01-27,790.9500732421875,1732.146484375,405.6390075683594,3392.564208984375,1218.82421875,1754.2950439453125
2025-01-28,810.6535034179688,1739.51416015625,401.3531494140625,3349.637939453125,1223.8311767578125,1674.42724609375
2025-01-29,814.0020141601562,1788.474365234375,399.41754150390625,3384.763916015625,1224.921630859375,1703.7333984375
2025-01-30,820.8933715820312,1768.2247314453125,402.0444030761719,3356.55517578125,1242.3214111328125,1707.4149169921875
2025-01-31,824.4118041992188,1787.0960693359375,412.4595642089844,3500.248291015625,1254.2681884765625,1712.176513671875
2025-02-01,820.6264038085938,1760.0489501953125,426.3310852050781,3382.60546875,1253.7724609375,1710.45849609375
2025-02-03,814.3417358398438,1771.40966796875,418.773193359375,3227.28515625,1235.232666015625,1708.8876953125
2025-02-04,835.1613159179688,1805.1590576171875,419.51055908203125,3374.41259765625,1274.196044921875,1733.088623046875
2025-02-05,843.3629760742188,1803.4952392578125,413.0586853027344,3319.515869140625,1267.2559814453125,1720.81640625
2025-02-06,846.299072265625,1821.177978515625,406.56072998046875,3289.638916015625,1270.577392578125,1720.5693359375
2025-02-07,840.9122314453125,1809.7696533203125,397.11334228515625,3274.087158203125,1255.8544921875,1728.2733154296875
2025-02-10,832.6619873046875,1787.5712890625,393.7491149902344,3265.992431640625,1242.916259765625,1710.7911376953125
2025-02-11,825.6978759765625,1783.150634765625,385.5459899902344,3178.66796875,1224.2772216796875,1678.839111328125
2025-02-12,828.3185424804688,1771.2672119140625,383.76715087890625,3227.7265625,1206.1339111328125,1673.01171875
2025-02-13,823.9022827148438,1752.3485107421875,383.57989501953125,3202.21630859375,1205.687744140625,1724.8658447265625
2025-02-14,822.5191040039062,1764.8499755859375,384.0948486328125,3176.70556640625,1206.827880859375,1679.579833984375
2025-02-17,833.4384765625,1751.4451904296875,382.5500183105469,3161.203125,1214.412353515625,1693.1112060546875
2025-02-18,836.2047729492188,1760.619384765625,379.41363525390625,3159.534912109375,1214.908203125,1680.6663818359375
2025-02-19,838.21875,1721.498779296875,380.49029541015625,3214.235595703125,1216.9405517578125,1655.9739990234375
2025-02-20,818.7579956054688,1735.14111328125,376.4176025390625,3214.1376953125,1222.4429931640625,1648.7637939453125
2025-02-21,821.3786010742188,1725.4915771484375,375.3409423828125,3252.69775390625,1217.634521484375,1623.528076171875
2025-02-24,813.9049682617188,1677.1016845703125,376.2771911621094,3196.378173828125,1204.1510009765625,1619.330322265625
2025-02-25,816.4528198242188,1680.5242919921875,379.03912353515625,3165.176513671875,1193.6912841796875,1593.7490234375
2025-02-27,825.358154296875,1677.2919921875,375.9963073730469,3149.08544921875,1196.7647705078125,1627.23193359375
2025-02-28,840.7423095703125,1604.469482421875,369.81707763671875,3104.294921875,1189.82470703125,1573.6492919921875
2025-03-03,825.7706909179688,1624.3388671875,372.11090087890625,3137.115234375,1161.2216796875,1565.599609375
2025-03-04,829.8715209960938,1605.0400390625,369.6766662597656,3152.51953125,1151.9517822265625,1547.2283935546875
2025-03-05,820.1654052734375,1627.0958251953125,379.2263488769531,3178.66796875,1165.5345458984375,1562.9820556640625
2025-03-06,820.7477416992188,1631.2313232421875,379.8349609375,3198.53662109375,1199.243408203125,1594.14404296875
2025-03-07,819.8013916015625,1602.853271484375,378.1496887207031,3183.622802734375,1239.0992431640625,1589.501953125
2025-03-10,818.9521484375,1617.5413818359375,379.1795349121094,3117.884033203125,1227.7967529296875,1591.6746826171875
2025-03-11,817.9815673828125,1579.656494140625,380.3030700683594,3135.300048828125,1236.62060546875,1634.9359130859375
2025-03-12,830.4296264648438,1512.395751953125,386.1077575683594,3133.53369140625,1246.287109375,1656.2208251953125
2025-03-13,828.2214965820312,1501.938232421875,385.7800598144531,3127.303466796875,1237.215576171875,1662.7396240234375
2025-03-17,830.0656127929688,1511.6353759765625,381.94146728515625,3113.7138671875,1228.2427978515625,1683.3331298828125
2025-03-18,830.0656127929688,1511.6353759765625,383.0181579589844,3113.7138671875,1228.2427978515625,1683.3331298828125
2025-03-19,846.42041015625,1508.307861328125,377.35382080078125,3257.06396484375,1236.471923828125,1711.0380859375
2025-03-20,858.3832397460938,1535.8778076171875,378.1965026855469,3287.97119140625,1258.2835693359375,1728.7178955078125
2025-03-21,859.15966796875,1514.011962890625,379.6944580078125,3351.649169921875,1265.4217529296875,1762.5465087890625
2025-03-24,873.5489501953125,1514.2021484375,384.703369140625,3416.308837890625,1290.9512939453125,1762.8427734375
2025-03-25,883.958740234375,1548.141357421875,383.67352294921875,3404.28955078125,1274.4439697265625,1743.0394287109375
2025-03-26,876.7277221679688,1520.5716552734375,381.3797302246094,3379.956298828125,1262.150146484375,1737.3106689453125
2025-03-27,885.8514404296875,1524.469482421875,383.3458557128906,3435.687255859375,1267.2559814453125,1710.1490478515625
2025-03-28,887.2344970703125,1493.1920166015625,383.626708984375,3426.562255859375,1264.1824951171875,1713.359130859375
2025-04-01,857.9463500976562,1451.21923828125,380.724365234375,3372.10693359375,1241.8751220703125,1677.4564208984375
2025-04-02,872.0444946289062,1473.7030029296875,382.9713439941406,3355.52490234375,1240.437744140625,1692.568115234375
2025-04-03,871.0496215820312,1422.6986083984375,383.29901123046875,3355.77001953125,1238.0086669921875,1748.224853515625
2025-04-04,881.9447631835938,1380.060546875,383.57989501953125,3198.781982421875,1194.38525390625,1688.3209228515625
2025-04-07,853.0205078125,1327.8680419921875,380.16259765625,3010.739501953125,1155.7191162109375,1645.8499755859375
2025-04-08,858.5773315429688,1358.3375244140625,386.2481689453125,3101.5966796875,1172.0780029296875,1667.5794677734375
2025-04-09,856.5632934570312,1334.4752197265625,389.7591247558594,2996.65966796875,1175.2010498046875,1631.8740234375
2025-04-11,876.8247680664062,1339.9417724609375,394.6744079589844,3057.29638671875,1208.5133056640625,1666.789306640625
2025-04-15,905.0452270507812,1355.675537109375,393.59771728515625,3196.280029296875,1229.4822998046875,1684.0245361328125
2025-04-16,911.4027099609375,1343.4117431640625,397.3895568847656,3166.94287109375,1228.689208984375,1672.2708740234375
2025-04-17,925.3309326171875,1349.4959716796875,400.010986328125,3186.173828125,1263.5877685546875,1729.952392578125
2025-04-21,935.231201171875,1379.442626953125,395.89154052734375,3218.7490234375,1284.4078369140625,1723.4337158203125
2025-04-22,952.0227661132812,1352.6334228515625,405.9561767578125,3196.476318359375,1280.144775390625,1725.9029541015625
2025-04-23,933.67822265625,1402.1639404296875,403.3815002441406,3238.863037109375,1288.869384765625,1766.7935791015625
2025-04-24,930.2325439453125,1398.8365478515625,402.6324768066406,3238.470703125,1290.4556884765625,1781.7078857421875
2025-04-25,927.5148315429688,1407.2025146484375,400.52593994140625,3210.50732421875,1289.2659912109375,1765.410888671875
2025-04-28,931.882568359375,1409.0087890625,401.4621887207031,3264.66796875,1357.0804443359375,1818.944091796875
2025-04-29,926.3501586914062,1423.6495361328125,398.8406982421875,3259.76220703125,1387.7156982421875,1783.2880859375
2025-04-30,934.2120361328125,1426.1212158203125,398.6534729003906,3278.110107421875,1392.9703369140625,1809.758544921875
2025-05-02,932.7075805664062,1432.5859375,402.1175537109375,3272.125,1407.6436767578125,1802.1531982421875
2025-05-05,939.9386596679688,1434.2020263671875,409.0926208496094,3267.513427734375,1419.0452880859375,1814.0054931640625
2025-05-06,937.4635620117188,1436.9588623046875,407.7818298339844,3271.241943359375,1408.7342529296875,1796.7208251953125
2025-05-07,944.2092895507812,1433.9168701171875,403.6623840332031,3258.879150390625,1393.9617919921875,1759.3858642578125
2025-05-08,935.91064453125,1436.864013671875,403.1474609375,3261.33203125,1394.9532470703125,1745.459228515625
2025-05-09,917.080810546875,1433.2513427734375,396.5469055175781,3379.072998046875,1365.4083251953125,1723.3350830078125
2025-05-12,949.8388671875,1546.66796875,407.73504638671875,3519.67578125,1424.2005615234375,1665.455810546875
2025-05-13,933.0473022460938,1491.2430419921875,400.61956787109375,3499.85595703125,1403.57861328125,1679.086181640625
2025-05-14,927.2236938476562,1513.869384765625,401.7430725097656,3505.84130859375,1412.204345703125,1687.1851806640625
2025-05-15,938.4827270507812,1533.453369140625,405.0667419433594,3550.09228515625,1441.7491455078125,1718.6927490234375
2025-05-16,938.9195556640625,1511.49267578125,407.9223327636719,3536.846435546875,1443.9302978515625,1713.5567626953125
2025-05-19,940.8607788085938,1482.8770751953125,407.5946350097656,3532.43115234375,1428.4638671875,1708.9144287109375
2025-05-20,929.310546875,1483.6375732421875,407.1733093261719,3500.64111328125,1412.4024658203125,1686.7901611328125
2025-05-21,935.085693359375,1491.14794921875,405.3944396972656,3521.44189453125,1416.9630126953125,1710.494873046875
2025-05-22,931.7369995117188,1471.1834716796875,398.934326171875,3484.549560546875,1397.332763671875,1697.555908203125
2025-05-23,938.3856811523438,1487.6304931640625,408.4840393066406,3532.136474609375,1414.5838623046875,1662.8876953125
2025-05-26,941.5886840820312,1502.55615234375,414.66326904296875,3580.01806640625,1422.5152587890625,1655.47998046875
2025-05-27,934.8429565429688,1492.669189453125,406.2370300292969,3571.48193359375,1409.9239501953125,1662.6903076171875
2025-05-28,933.484130859375,1494.2852783203125,400.65911865234375,3577.663330078125,1400.8028564453125,1645.8994140625
2025-05-29,935.42529296875,1507.40478515625,399.2765197753906,3586.493896484375,1405.660888671875,1678.8885498046875
2025-05-30,943.86962890625,1506.5369873046875,398.60906982421875,3605.92138671875,1408.7342529296875,1656.961669921875
2025-06-02,937.65771484375,1497.9569091796875,399.8009338378906,3610.336669921875,1401.5958251953125,1653.9984130859375
2025-06-03,934.0178833007812,1487.5450439453125,397.5602722167969,3609.54443359375,1393.466064453125,1646.98583984375
2025-06-04,942.073974609375,1495.4503173828125,397.60791015625,3591.42138671875,1411.3118896484375,1644.4178466796875
2025-06-05,946.1505126953125,1498.43896484375,399.6102600097656,3607.36572265625,1430.0501708984375,1662.3939208984375
2025-06-06,960.2728881835938,1507.5975341796875,401.4695739746094,3620.93310546875,1431.140625,1658.5419921875
2025-06-09,960.3699951171875,1516.3704833984375,403.3765563964844,3643.314453125,1436.3953857421875,1673.554931640625
2025-06-10,953.7698974609375,1538.6402587890625,407.14288330078125,3644.205810546875,1426.1834716796875,1668.02392578125
2025-06-11,946.538818359375,1572.478759765625,406.3323974609375,3649.157470703125,1436.4945068359375,1669.8016357421875
2025-06-12,943.1417236328125,1550.787353515625,401.421875,3569.039794921875,1429.2569580078125,1666.64111328125
2025-06-13,930.6207885742188,1544.424560546875,394.6520690917969,3552.699462890625,1415.67431640625,1667.0362548828125
2025-06-16,939.2592163085938,1565.441162109375,398.75213623046875,3593.599853515625,1425.489501953125,1664.56689453125
2025-06-17,936.4445190429688,1580.9625244140625,397.98931884765625,3587.261962890625,1418.9459228515625,1629.898681640625
2025-06-18,938.5313110351562,1574.214111328125,396.5590515136719,3566.6630859375,1417.85546875,1627.7257080078125
2025-06-19,939.2107543945312,1560.2352294921875,396.6544189453125,3586.07373046875,1421.028076171875,1627.3306884765625
2025-06-20,953.4786987304688,1564.573486328125,399.0858154296875,3626.577880859375,1453.6463623046875,1644.615478515625
2025-06-23,945.5681762695312,1527.071533203125,394.6520690917969,3549.03515625,1444.326904296875,1642.0474853515625
2025-06-24,951.634521484375,1524.7576904296875,395.0811767578125,3569.93115234375,1438.378173828125,1641.2572021484375
2025-06-25,961.0009155273438,1556.8609619140625,396.9881286621094,3584.7861328125,1454.737060546875,1649.06005859375
2025-06-26,981.1896362304688,1557.92138671875,400.7544250488281,3624.201171875,1482.4971923828125,1649.257568359375
2025-06-27,988.5982666015625,1550.208984375,399.1811828613281,3643.611572265625,1502.425048828125,1666.8385009765625
2025-06-30,982.023681640625,1544.2318115234375,397.08349609375,3634.302490234375,1487.7518310546875,1655.0849609375
2025-07-01,987.2244873046875,1549.05224609375,395.7962646484375,3631.232421875,1515.3138427734375,1646.689453125
2025-07-02,974.418701171875,1552.619140625,393.7462463378906,3562.008544921875,1505.796142578125,1656.86279296875
2025-07-03,974.9583740234375,1560.5244140625,394.1276550292969,3548.242919921875,1504.8045654296875,1659.03564453125
2025-07-04,976.037841796875,1581.733642578125,393.3648376464844,3559.830078125,1514.223388671875,1655.677734375
2025-07-07,975.1055908203125,1568.5262451171875,396.7974548339844,3546.757568359375,1528.3016357421875,1664.6953125
2025-07-08,981.974609375,1579.8055419921875,397.79864501953125,3571.515625,1524.43505859375,1657.3623046875
2025-07-09,986.7828369140625,1574.9853515625,399.9440002441406,3545.073974609375,1505.9942626953125,1654.2904052734375
2025-07-10,984.3296508789062,1557.728759765625,397.46490478515625,3540.122314453125,1504.209716796875,1647.4527587890625
2025-07-11,973.2902221679688,1537.5797119140625,397.4172058105469,3506.352294921875,1482.3980712890625,1656.8668212890625
2025-07-14,972.94677734375,1513.8638916015625,399.89630126953125,3462.08447265625,1470.9964599609375,1667.370849609375
2025-07-15,979.079833984375,1528.614013671875,402.47076416015625,3460.202880859375,1472.6820068359375,1711.864501953125
2025-07-16,979.4722900390625,1550.1126708984375,404.8544921875,3469.908203125,1472.8802490234375,1685.6043701171875
2025-07-17,974.8602294921875,1526.589599609375,404.2347106933594,3440.396484375,1463.759033203125,1687.982666015625
2025-07-18,960.38623046875,1529.095947265625,403.09051513671875,3431.285400390625,1463.3624267578125,1678.271240234375
2025-07-21,981.5330200195312,1527.36083984375,400.5637512207031,3468.91796875,1416.3682861328125,1676.983154296875
2025-07-22,984.771240234375,1514.4423828125,396.6544189453125,3431.08740234375,1400.70361328125,1662.8125
2025-07-23,993.2103881835938,1517.9129638671875,395.65325927734375,3451.19091796875,1412.4024658203125,1667.271728515625
2025-07-24,988.2548217773438,1496.70361328125,390.8857727050781,3443.862548828125,1390.8883056640625,1676.685791015625
2025-07-25,985.9922485351562,1461.2261962890625,390.361328125,3409.59716796875,1379.7841796875,1683.6224365234375
2025-07-28,987.9105224609375,1461.515380859375,390.8381042480469,3389.097412109375,1375.7193603515625,1686.7933349609375
2025-07-29,994.3539428710938,1459.2979736328125,389.4555358886719,3461.78759765625,1404.966796875,1695.018310546875
2025-07-30,996.4197998046875,1464.40771484375,388.6450500488281,3629.64794921875,1398.0267333984375,1718.1075439453125
2025-07-31,992.6815795898438,1454.76708984375,392.79278564453125,3601.324462890625,1378.2969970703125,1691.252685546875
2025-08-01,989.7304077148438,1416.782958984375,397.08349609375,3552.6005859375,1381.76708984375,1614.94970703125
2025-08-04,979.7947387695312,1427.291259765625,397.46490478515625,3595.976806640625,1399.4146728515625,1626.7418212890625
2025-08-05,972.7118530273438,1407.8172607421875,394.89044189453125,3617.26904296875,1379.7841796875,1617.327880859375
2025-08-06,976.499267578125,1385.0654296875,392.8404235839844,3593.302734375,1380.8748779296875,1580.761962890625
2025-08-07,981.4671020507812,1385.2581787109375,394.36602783203125,3606.375244140625,1377.50390625,1583.932861328125
2025-08-08,970.8920288085938,1371.9542236328125,395.22418212890625,3572.7041015625,1356.0888671875,1572.5369873046875
2025-08-11,981.5654296875,1376.870849609375,397.46490478515625,3632.916015625,1374.331298828125,1593.842529296875
2025-08-12,968.924560546875,1372.9183349609375,396.9881286621094,3650.44482421875,1368.5810546875,1607.5174560546875
2025-08-13,974.0399169921875,1375.3284912109375,394.8427734375,3657.97119140625,1370.7620849609375,1624.9583740234375
2025-08-14,979.35205078125,1395.6700439453125,392.3160095214844,3641.432861328125,1367.4774169921875,1626.5438232421875
2025-08-18,985.5003662109375,1384.19775390625,387.4054870605469,3599.938232421875,1375.3409423828125,1617.9224853515625
2025-08-19,979.35205078125,1388.2469482421875,390.0752868652344,3578.052001953125,1413.564208984375,1611.8775634765625
2025-08-20,977.9256591796875,1442.427001953125,387.1671142578125,3557.55224609375,1406.4969482421875,1618.31884765625
2025-08-21,979.4012451171875,1442.619873046875,386.69036865234375,3577.65576171875,1418.24267578125,1625.3544921875
2025-08-22,966.317626953125,1434.0396728515625,379.7774963378906,3561.018310546875,1402.71435546875,1626.940185546875
2025-08-25,966.0717163085938,1477.0367431640625,380.7787170410156,3568.247802734375,1406.0987548828125,1641.7052001953125
2025-08-26,957.5625,1474.6265869140625,384.59271240234375,3507.04541015625,1378.5262451171875,1585.8157958984375
2025-08-28,942.2162475585938,1446.1868896484375,382.2566223144531,3525.66357421875,1379.521728515625,1571.347900390625
2025-08-29,936.1171264648438,1416.782958984375,390.695068359375,3566.16796875,1350.9537353515625,1580.0682373046875
2025-09-01,935.1333618164062,1445.5120849609375,386.9764404296875,3563.593017578125,1347.6689453125,1549.150634765625
2025-09-02,929.1326904296875,1444.837158203125,387.8345947265625,3540.3203125,1360.2109375,1551.033447265625
2025-09-03,938.9207763671875,1425.9415283203125,392.60205078125,3565.969970703125,1366.2828369140625,1564.4112548828125
2025-09-04,945.610107421875,1410.4202880859375,396.5590515136719,3557.849365234375,1353.0440673828125,1567.978759765625
2025-09-05,947.7251586914062,1392.681396484375,388.40667724609375,3519.2265625,1368.671875,1579.1763916015625
2025-09-08,950.2828369140625,1381.402099609375,388.5973815917969,3495.458740234375,1372.15576171875,1566.6904296875
2025-09-09,949.4467163085938,1450.2359619140625,390.9811096191406,3490.903076171875,1369.8662109375,1577.2935791015625
2025-09-10,950.1845092773438,1477.518798828125,393.8415832519531,3515.661376953125,1370.66259765625,1578.978271484375
2025-09-11,952.0535278320312,1455.4417724609375,395.74859619140625,3505.4609375,1376.9337158203125,1595.130615234375
2025-09-12,951.5617065429688,1470.7703857421875,394.509033203125,3545.173095703125,1388.579833984375,1601.9681396484375
2025-09-15,951.3157348632812,1454.1885986328125,393.460205078125,3551.510986328125,1392.8599853515625,1587.5003662109375
2025-09-16,951.1190185546875,1456.9844970703125,393.8892822265625,3632.32177734375,1398.8323974609375,1595.9234619140625
2025-09-17,950.7747192382812,1467.685546875,390.2659606933594,3649.8505859375,1407.2933349609375,1605.53564453125
2025-09-18,961.0055541992188,1485.2313232421875,392.4113464355469,3650.345703125,1408.4876708984375,1633.678466796875
2025-09-19,951.168212890625,1484.845703125,391.5531921386719,3639.84814453125,1400.9227294921875,1641.0115966796875
2025-09-22,948.5121459960938,1445.6083984375,388.0252990722656,3609.2470703125,1384.199951171875,1629.1202392578125
2025-09-23,941.6260375976562,1443.6802978515625,384.4496765136719,3622.220458984375,1383.40380859375,1616.43603515625
2025-09-24,935.5761108398438,1440.884521484375,382.3519592285156,3638.263916015625,1376.635009765625,1612.3731689453125
2025-09-25,934.3955688476562,1431.436767578125,381.49383544921875,3609.14794921875,1366.0838623046875,1612.67041015625
2025-09-26,929.6737060546875,1396.8270263671875,386.26129150390625,3693.425048828125,1371.2598876953125,1572.3387451171875
2025-09-29,934.8382568359375,1389.982177734375,388.3113098144531,3652.722412109375,1366.48193359375,1574.9154052734375
2025-09-30,935.5269165039062,1389.982177734375,382.8763732910156,3623.60693359375,1357.722412109375,1579.8701171875
2025-10-01,949.5450439453125,1393.83837890625,386.7380676269531,3634.797607421875,1362.4007568359375,1621.3907470703125
2025-10-03,949.4467163085938,1394.609619140625,385.4985046386719,3696.990234375,1357.125244140625,1616.43603515625
2025-10-06,957.6116333007812,1422.9530029296875,382.11358642578125,3700.8525390625,1368.671875,1639.723388671875
2025-10-07,966.514404296875,1406.0819091796875,381.2077941894531,3693.623046875,1378.4267578125,1638.1378173828125
2025-10-08,962.7762451171875,1441.2701416015625,381.16009521484375,3693.72216796875,1361.1068115234375,1616.8323974609375
2025-10-09,961.2022094726562,1455.0562744140625,381.3031005859375,3732.740966796875,1371.458984375,1643.489013671875
2025-10-10,964.9404296875,1460.4549560546875,384.0682678222656,3747.397705078125,1375.3409423828125,1655.7767333984375
2025-10-13,961.1038818359375,1439.5347900390625,380.683349609375,3733.0380859375,1368.671875,1653.29931640625
2025-10-14,961.25146484375,1436.353515625,378.3472595214844,3708.081787109375,1369.5677490234375,1639.4261474609375
2025-10-15,962.3335571289062,1421.41064453125,381.3031005859375,3791.665283203125,1367.97509765625,1640.1197509765625
2025-10-16,978.1715698242188,1418.61474609375,386.3089904785156,3824.4453125,1391.8646240234375,1643.984375
2025-10-17,986.2381591796875,1389.307373046875,392.9834289550781,3802.261962890625,1410.279541015625,1663.902587890625
2025-10-20,986.6316528320312,1408.395751953125,393.8415832519531,3835.23974609375,1460.04931640625,1673.3165283203125
2025-10-21,991.3043823242188,1419.482421875,393.6509094238281,3850.58984375,1458.4566650390625,1675.1993408203125
2025-10-23,992.386474609375,1473.566162109375,396.60675048828125,3880.794921875,1441.7340087890625,1674.6048583984375
2025-10-24,978.5650634765625,1470.57763671875,397.4172058105469,3867.128173828125,1444.9193115234375,1683.6224365234375
2025-10-27,986.6316528320312,1472.633056640625,401.0881652832031,3885.845703125,1477.2696533203125,1678.271240234375
2025-10-28,987.2218627929688,1468.4241943359375,398.466064453125,3934.37158203125,1480.056884765625,1671.73095703125
2025-10-29,991.451904296875,1478.408203125,401.9940185546875,3919.81396484375,1497.277099609375,1700.3695068359375
2025-10-30,981.9097900390625,1462.1597900390625,399.2765197753906,3948.929443359375,1481.6494140625,1687.982666015625
2025-10-31,971.2362670898438,1450.9034423828125,400.8021545410156,3991.909423828125,1479.5592041015625,1675.3974609375
2025-11-03,976.499267578125,1454.0355224609375,394.69976806640625,3941.9970703125,1477.866943359375,1690.9554443359375
2025-11-04,969.2196655273438,1436.808349609375,389.88458251953125,3886.439697265625,1466.3203125,1674.7039794921875
2025-11-06,968.6294555664062,1435.6336669921875,388.5496826171875,3844.053955078125,1489.2144775390625,1670.6409912109375
2025-11-07,966.317626953125,1445.5198974609375,385.2601318359375,3844.945068359375,1471.19775390625,1676.0911865234375
2025-11-10,968.4818725585938,1481.4425048828125,386.69036865234375,3880.596923828125,1482.44580078125,1682.433349609375
2025-11-11,975.564697265625,1497.88671875,387.929931640625,3916.74365234375,1486.5269775390625,1700.567626953125
2025-11-12,973.4005126953125,1518.8333740234375,388.07293701171875,3916.34765625,1504.5435791015625,1716.4228515625
2025-11-13,970.596923828125,1509.14306640625,386.83343505859375,3963.7841796875,1503.9464111328125,1721.6748046875
2025-11-14,973.4988403320312,1470.9691162109375,389.1694641113281,3965.665771484375,1511.9095458984375,1741.196533203125
2025-11-17,980.3357543945312,1475.66748046875,388.1683044433594,3988.740478515625,1511.3123779296875,1747.9349365234375
2025-11-18,976.302490234375,1454.91650390625,386.9764404296875,3960.912353515625,1512.4072265625,1742.8812255859375
2025-11-19,978.41748046875,1508.4578857421875,384.78338623046875,3980.718994140625,1511.9095458984375,1767.9521484375
2025-11-20,992.4356689453125,1503.955322265625,386.59503173828125,3998.3466796875,1541.9705810546875,1761.3128662109375
2025-11-21,981.8114013671875,1512.2752685546875,388.8834228515625,3985.967529296875,1539.4820556640625,1763.5919189453125
2025-11-24,982.8934936523438,1515.2117919921875,384.78338623046875,3974.47998046875,1528.831298828125,1764.68212890625
2025-11-25,973.6956176757812,1498.1802978515625,382.1612548828125,3958.040283203125,1532.61376953125,1760.71826171875
2025-11-26,987.5662231445312,1524.902099609375,383.5915222167969,4022.708740234375,1562.6748046875,1788.56396484375
2025-11-27,993.0750732421875,1533.2220458984375,385.4985046386719,4041.822021484375,1556.2047119140625,1793.9150390625
2025-11-28,991.2059936523438,1527.055419921875,385.4508361816406,4030.2353515625,1560.285888671875,1815.022216796875
2025-12-01,985.7954711914062,1530.872802734375,385.4508361816406,4033.80029296875,1558.892333984375,1791.0413818359375
2025-12-02,973.6956176757812,1527.9364013671875,382.3043212890625,3991.513427734375,1539.1834716796875,1783.2127685546875
2025-12-03,984.2214965820312,1545.261474609375,381.875244140625,3949.424560546875,1531.718017578125,1790.34765625
2025-12-04,980.9752197265625,1563.7611083984375,384.3066101074219,3945.067138671875,1528.53271484375,1801.8426513671875
2025-12-05,986.9759521484375,1581.9671630859375,386.1182861328125,3999.138916015625,1533.5096435546875,1788.96044921875
2025-12-08,986.7791748046875,1576.681640625,383.5915222167969,3958.040283203125,1535.898681640625,1779.942626953125
2025-12-09,980.8768310546875,1565.1314697265625,382.399658203125,3958.832763671875,1522.3612060546875,1759.925537109375
2025-12-10,973.6956176757812,1551.2322998046875,384.4019775390625,3952.692626953125,1529.8267822265625,1769.3394775390625
2025-12-11,984.0247802734375,1564.1527099609375,384.1636047363281,3965.170654296875,1537.889404296875,1790.843017578125
2025-12-12,985.2052612304688,1564.348388671875,381.49383544921875,4034.69189453125,1549.3365478515625,1777.26708984375
2025-12-15,979.89306640625,1572.766357421875,383.5915222167969,4052.7158203125,1549.037841796875,1780.83447265625
2025-12-16,978.1223754882812,1559.1607666015625,383.0194091796875,4024.491455078125,1535.201904296875,1765.177490234375
2025-12-17,967.989990234375,1568.0679931640625,381.2077941894531,4023.104736328125,1537.292236328125,1776.6724853515625
2025-12-18,963.7599487304688,1592.3427734375,381.7798767089844,3992.107666015625,1537.292236328125,1730.097900390625
2025-12-19,969.465576171875,1603.9906005859375,382.399658203125,4034.097412109375,1557.8968505859375,1729.1070556640625
2025-12-22,971.6298217773438,1653.8125,383.9729309082031,4033.008056640625,1568.1495361328125,1753.7816162109375
2025-12-23,980.3849487304688,1632.9637451171875,388.40667724609375,4019.539794921875,1563.4710693359375,1740.0074462890625
2025-12-24,980.9752197265625,1628.16748046875,387.6915588378906,4014.39013671875,1551.0286865234375,1721.278564453125
2025-12-26,975.9581909179688,1621.0220947265625,385.3554992675781,4008.15087890625,1552.0240478515625,1703.9368896484375
2025-12-29,975.564697265625,1609.863525390625,383.8775634765625,3999.634033203125,1538.4866943359375,1701.6575927734375
2025-12-30,974.7777709960938,1587.2528076171875,381.9705810546875,4012.805419921875,1532.71337890625,1704.6304931640625
2025-12-31,975.0728759765625,1581.1842041015625,384.25897216796875,4044.000732421875,1563.172607421875,1704.135009765625
2026-01-01,975.023681640625,1595.2791748046875,346.9295959472656,4100.35009765625,1568.3485107421875,1705.5223388671875
2026-01-02,985.3035888671875,1605.6546630859375,333.77130126953125,4123.1279296875,1584.9718017578125,1712.35986328125
2026-01-05,961.5957641601562,1572.374755859375,333.4376220703125,4110.25341796875,1570.8370361328125,1713.2518310546875
2026-01-06,946.544677734375,1578.0518798828125,326.5248107910156,4100.54833984375,1500.6614990234375,1744.2684326171875
2026-01-07,933.608642578125,1604.2843017578125,325.3805847167969,4116.7900390625,1497.277099609375,1766.4658203125
2026-01-08,931.296875,1579.128662109375,325.0468444824219,3989.43359375,1463.831787109375,1744.763916015625
2026-01-09,923.72216796875,1579.91162109375,321.47125244140625,3986.2646484375,1468.51025390625,1714.2427978515625
2026-01-12,921.7055053710938,1562.09716796875,322.6631164550781,3980.124755859375,1476.373779296875,1720.2874755859375
2026-01-13,922.0989990234375,1565.1314697265625,319.13519287109375,3849.797607421875,1446.11376953125,1713.053466796875
2026-01-14,910.3926391601562,1565.91455078125,319.182861328125,3828.40673828125,1452.086181640625,1685.3070068359375
2026-01-15,910.3926391601562,1565.91455078125,319.182861328125,3828.40673828125,1452.086181640625,1685.3070068359375
2026-01-16,915.95068359375,1654.00830078125,313.8909606933594,3819.097412109375,1451.1903076171875,1653.794921875
2026-01-19,912.8027954101562,1645.59033203125,317.7049255371094,3832.367919921875,1407.0941162109375,1660.2359619140625
2026-01-20,916.049072265625,1623.7628173828125,311.12579345703125,3773.6416015625,1387.5843505859375,1599.193603515625
2026-01-21,905.3755493164062,1619.358154296875,309.64788818359375,3730.067138671875,1398.1356201171875,1598.3017578125
2026-01-22,903.75244140625,1628.265380859375,309.7432556152344,3757.10302734375,1396.0452880859375,1619.408935546875
2026-01-23,901.1947021484375,1635.4107666015625,308.36065673828125,3707.586669921875,1379.720703125,1617.1297607421875
2026-01-27,911.3272094726562,1647.05859375,303.83154296875,3751.1611328125,1374.146484375,1624.06640625
2026-01-28,917.524658203125,1631.2017822265625,306.2153015136719,3757.301025390625,1390.2718505859375,1596.0224609375
2026-01-29,920.2791137695312,1624.35009765625,303.7839050292969,3894.857421875,1384.59814453125,1574.9154052734375
2026-01-30,914.1307983398438,1606.241943359375,307.1687927246094,3894.263427734375,1388.9779052734375,1580.8609619140625
2026-02-02,912.9994506835938,1594.8875732421875,300.06524658203125,3883.369873046875,1384.0009765625,1613.166015625
2026-02-03,933.2643432617188,1620.9241943359375,301.924560546875,3999.733154296875,1430.4859619140625,1686.6943359375
2026-02-04,937.5927124023438,1503.2701416015625,305.5264587402344,4047.566162109375,1450.095458984375,1688.9735107421875
2026-02-05,934.248046875,1488.00048828125,301.9732666015625,4023.996337890625,1436.757080078125,1698.1494140625
2026-02-06,925.7879638671875,1475.177978515625,317.1595153808594,4028.749755859375,1444.123046875,1690.6690673828125
2026-02-09,922.0006103515625,1465.4876708984375,314.23907470703125,4073.809814453125,1454.873291015625,1700.1441650390625
2026-02-10,917.2295532226562,1466.0750732421875,312.876220703125,4128.673828125,1451.7874755859375,1703.3359375
2026-02-11,912.0157470703125,1440.7236328125,309.80975341796875,4130.06005859375,1461.9405517578125,1706.627197265625
2026-02-12,905.6215209960938,1356.64306640625,309.0309753417969,4145.41015625,1442.231689453125,1710.4173583984375
2026-02-13,889.1932373046875,1340.1009521484375,305.4291076660156,4133.5263671875,1413.0665283203125,1693.062744140625
2026-02-16,910.7368774414062,1336.6751708984375,309.5177307128906,4160.859375,1430.4859619140625,1696.054931640625
2026-02-17,910.6385498046875,1361.73291015625,316.8188171386719,4238.40185546875,1416.450927734375,1712.611572265625
2026-02-18,909.6548461914062,1344.603515625,323.6331787109375,4284.05615234375,1434.666748046875,1719.8924560546875
2026-02-19,900.702880859375,1341.471435546875,317.3542175292969,4239.09521484375,1403.0130615234375,1708.9212646484375
2026-02-20,897.0138549804688,1324.5377197265625,318.32769775390625,4338.22705078125,1412.8675537109375,1719.8924560546875
2026-02-23,908.5726928710938,1299.3822021484375,316.7701416015625,4375.3642578125,1421.4278564453125,1727.7718505859375
2026-02-24,895.6858520507812,1248.4835205078125,314.9205322265625,4218.00146484375,1422.2242431640625,1727.273193359375
2026-02-25,892.8330078125,1262.7742919921875,311.2699890136719,4256.9208984375,1392.063720703125,1759.58837890625
2026-02-26,883.9794311523438,1261.7955322265625,309.8584289550781,4245.037109375,1400.3255615234375,1781.0322265625
2026-02-27,873.3060302734375,1272.5625,305.2830810546875,4236.91650390625,1387.48486328125,1732.4595947265625
2026-03-02,865.0918579101562,1261.5997314453125,306.548583984375,4027.36328125,1351.75,1747.9190673828125
2026-03-04,854.5167846679688,1279.7078857421875,303.6768493652344,3845.044189453125,1338.8099365234375,1745.92431640625
2026-03-05,863.4686889648438,1278.141845703125,303.23876953125,3999.634033203125,1383.005615234375,1779.8353271484375
2026-03-06,843.10546875,1280.686767578125,301.48651123046875,3911.593994140625,1398.334716796875,1794.6964111328125
2026-03-09,827.0215454101562,1287.14697265625,297.8846435546875,3804.93603515625,1417.4462890625,1802.675537109375
2026-03-10,835.629150390625,1268.1578369140625,300.8537292480469,3838.5078125,1402.3162841796875,1808.0614013671875
2026-03-11,820.38134765625,1249.2667236328125,300.8050842285156,3801.667724609375,1383.8017578125,1821.127197265625
2026-03-12,819.2008666992188,1238.9891357421875,296.0350341796875,3683.521728515625,1385.7926025390625,1820.52880859375
2026-03-13,803.7071533203125,1221.8597412109375,293.455322265625,3405.73486328125,1374.3455810546875,1796.890625
2026-03-16,826.9231567382812,1223.3280029296875,300.0749816894531,3435.8408203125,1388.6793212890625,1778.5386962890625
2026-03-17,831.5958251953125,1206.785888671875,296.76513671875,3508.531005859375,1391.167724609375,1789.70947265625
2026-03-18,829.333251953125,1240.261474609375,295.986328125,3573.001220703125,1401.6195068359375,1773.651611328125
2026-03-19,785.2130126953125,1194.9422607421875,290.0968017578125,3401.278564453125,1378.4267578125,1739.8402099609375
2026-03-20,767.7518310546875,1229.2987060546875,291.9950866699219,3401.57568359375,1407.8905029296875,1772.4547119140625
2026-03-23,732.04248046875,1230.1796875,282.7470397949219,3310.0693359375,1401.3209228515625,1753.8035888671875
2026-03-24,752.454833984375,1251.224365234375,283.52581787109375,3482.782470703125,1405.302490234375,1748.717041015625
2026-03-25,769.5717163085938,1252.00732421875,287.8578186035156,3614.000732421875,1406.596435546875,1790.7069091796875
2026-03-27,743.8963623046875,1242.806396484375,286.88433837890625,3529.625,1341.8956298828125,1788.91162109375
2026-03-30,719.6473999023438,1224.1109619140625,280.0699768066406,3470.205322265625,1337.7149658203125,1752.606689453125
2026-04-01,730.17333984375,1248.6793212890625,283.9638977050781,3572.60498046875,1362.8984375,1723.9818115234375
2026-04-02,738.6826171875,1273.247802734375,285.0834045410156,3578.151123046875,1344.2845458984375,1689.1729736328125
2026-04-06,758.45556640625,1278.5333251953125,287.0303649902344,3691.642333984375,1298.6953125,1690.17041015625
2026-04-07,759.4392700195312,1311.0301513671875,290.5348815917969,3687.284912109375,1298.5958251953125,1713.5091552734375
2026-04-08,802.82177734375,1317.68603515625,294.4288024902344,3967.1513671875,1341.5970458984375,1710.1180419921875
2026-04-09,784.72119140625,1303.395263671875,294.9642028808594,3858.512451171875,1323.87890625,1712.611572265625
2026-04-10,797.1161499023438,1265.12353515625,296.1810607910156,3921.59619140625,1343.9859619140625,1650.57421875
2026-04-13,781.7699584960938,1249.756103515625,290.72955322265625,3916.050537109375,1309.0474853515625,1647.881103515625
2026-04-15,796.72265625,1277.6524658203125,294.0393981933594,4036.87060546875,1337.9140625,1692.1651611328125
2026-04-16,782.5077514648438,1291.2579345703125,295.35357666015625,4079.949462890625,1337.1177978515625,1688.67431640625
2026-04-17,786.8853759765625,1290.7685546875,298.6634216308594,4056.47900390625,1358.7178955078125,1671.120361328125
2026-04-20,782.5077514648438,1284.7977294921875,296.9111633300781,4011.815185546875,1357.0257568359375,1664.23828125
2026-04-21,798.5425415039062,1285.385009765625,301.4378356933594,4035.97900390625,1347.07177734375,1660.84716796875
2026-04-22,786.8853759765625,1241.729736328125,297.39788818359375,3982.20458984375,1355.8311767578125,1665.435302734375
2026-04-23,771.5883178710938,1214.32275390625,297.20318603515625,4014.88525390625,1337.21728515625,1675.708251953125
2026-04-24,772.0802001953125,1130.144287109375,293.6013488769531,3975.47021484375,1321.6890869140625,1616.164306640625
2026-04-27,776.9496459960938,1145.5118408203125,295.7916564941406,4014.39013671875,1359.51416015625,1728.96875
2026-04-28,769.817626953125,1127.697265625,296.3757629394531,3998.643798828125,1382.5078125,1742.732666015625
2026-04-29,766.3253784179688,1142.7711181640625,307.86279296875,4056.47900390625,1418.83984375,1774.050537109375
2026-04-30,759.1441650390625,1156.768310546875,306.548583984375,3975.173095703125,1424.215087890625,1803.5732421875
2026-05-01,759.1441650390625,1156.768310546875,306.548583984375,3975.173095703125,1424.215087890625,1803.5732421875
2026-05-04,766.7189331054688,1143.652099609375,302.8493957519531,4061.13330078125,1456.3663330078125,1818.7333984375
2026-05-05,759.734375,1153.1466064453125,303.19012451171875,4015.28125,1456.864013671875,1816.04052734375
2026-05-06,783.58984375,1142.4774169921875,302.4599914550781,3969.726318359375,1431.2823486328125,1845.3636474609375
2026-05-07,783.0979614257812,1138.07275390625,299.24749755859375,3984.0859375,1429.590087890625,1829.60498046875
2026-05-08,768.145263671875,1154.2232666015625,299.29620361328125,3936.05517578125,1428.5947265625,1843.0697021484375
2026-05-11,751.2251586914062,1152.0699462890625,297.7386169433594,3902.0869140625,1381.81103515625,1867.8048095703125
2026-05-12,738.2399291992188,1116.1473388671875,292.7252197265625,3819.196533203125,1357.722412109375,1840.8753662109375
2026-05-13,737.4037475585938,1099.3115234375,296.3757629394531,3877.923095703125,1352.54638671875,1820.0301513671875
2026-05-14,757.0291748046875,1071.8067626953125,299.0528259277344,3902.284912109375,1355.5325927734375,1858.32958984375
2026-05-15,755.0125122070312,1095.2984619140625,301.2431640625,3871.188720703125,1330.24951171875,1873.2904052734375
2026-05-18,756.143798828125,1118.3006591796875,301.924560546875,3879.903564453125,1329.7518310546875,1900.818359375
2026-05-19,750.044677734375,1171.5484619140625,302.0705871582031,3883.07275390625,1316.6124267578125,1877.3797607421875
2026-05-20,747.1427001953125,1168.4161376953125,299.3935241699219,3872.872314453125,1353.442138671875,1875.385009765625
2026-05-21,746.7984008789062,1156.180908203125,299.8802490234375,3890.5,1343.388671875,1886.3563232421875
2026-05-22,754.3239135742188,1149.622802734375,293.6986999511719,3926.60009765625,1348.26611328125,1839.7783203125
2026-05-25,774.0476684570312,1143.75,295.8890075683594,4033.39990234375,1360.7086181640625,1835.7886962890625
2026-05-26,766.22705078125,1142.966796875,293.6499938964844,4037.800048828125,1350.0579833984375,1835.98828125
2026-05-27,746.3065185546875,1135.3321533203125,291.95001220703125,4047.5,1344.2845458984375,1839.4791259765625
2026-05-28,746.3065185546875,1135.3321533203125,291.95001220703125,4047.5,1344.2845458984375,1839.4791259765625
2026-05-29,732.4359130859375,1136.3109130859375,286.8999938964844,4076.5,1315.119384765625,1794.4969482421875
2026-06-01,730.6160278320312,1177.02978515625,279.6499938964844,4010.800048828125,1313.9249267578125,1791.8040771484375
2026-06-02,736.0757446289062,1243.8831787109375,283.25,4000.89990234375,1308.5498046875,1785.2213134765625
2026-06-03,741.3878784179688,1196.7039794921875,277.0,3953.199951171875,1307.15625,1783.824951171875
2026-06-04,741.9288940429688,1175.855224609375,280.29998779296875,3942.10009765625,1297.699951171875,1775.4468994140625
2026-06-05,734.8952026367188,1172.1357421875,280.70001220703125,3953.199951171875,1291.0,1777.5413818359375
2026-06-08,726.6319580078125,1162.4453125,279.45001220703125,3875.5,1263.300048828125,1784.1241455078125
2026-06-09,726.3367919921875,1155.300048828125,280.0,3900.60009765625,1269.199951171875,1774.3497314453125
2026-06-10,734.698486328125,1145.300048828125,283.6499938964844,3917.5,1258.800048828125,1781.73046875
2026-06-11,732.485107421875,1114.5999755859375,282.3999938964844,3862.0,1263.0,1789.510009765625
2026-06-12,759.8819580078125,1116.4000244140625,285.1000061035156,4049.300048828125,1293.0,1802.9747314453125
2026-06-15,764.7022094726562,1134.9000244140625,287.8999938964844,4169.7998046875,1307.0,1801.2791748046875
2026-06-16,772.1294555664062,1143.5999755859375,291.6499938964844,4186.39990234375,1328.800048828125,1795.9930419921875
2026-06-17,774.2935791015625,1157.699951171875,290.75,4207.7001953125,1332.699951171875,1815.6416015625
2026-06-18,786.0,1127.5,291.1499938964844,4190.0,1328.0999755859375,1820.0301513671875
2026-06-19,779.7999877929688,1051.4000244140625,292.5,4209.39990234375,1309.5,1833.4947509765625
2026-06-22,786.4000244140625,1065.4000244140625,291.25,4201.2998046875,1326.5,1858.030517578125
2026-06-23,774.6500244140625,1029.300048828125,290.0,4179.39990234375,1309.5,1863.1170654296875
2026-06-24,793.2000122070312,1056.5999755859375,290.3500061035156,4181.7001953125,1313.5999755859375,1869.5003662109375
2026-06-25,796.2999877929688,1041.199951171875,290.0,4216.39990234375,1318.0999755859375,1857.9307861328125
2026-06-26,796.2999877929688,1041.199951171875,290.0,4216.39990234375,1318.0999755859375,1857.9307861328125
2026-06-29,798.9000244140625,1036.699951171875,290.70001220703125,4165.2001953125,1301.0,1869.8994140625
2026-06-30,797.9500122070312,1000.4000244140625,286.95001220703125,4143.39990234375,1293.9000244140625,1857.6314697265625
2026-07-01,796.1500244140625,985.2999877929688,290.29998779296875,4092.60009765625,1308.0,1861.32177734375
2026-07-02,795.9000244140625,1040.9000244140625,289.8999938964844,4059.39990234375,1303.5,1866.1092529296875
2026-07-03,801.0499877929688,1047.199951171875,289.95001220703125,4026.60009765625,1304.0,1899.8209228515625
2026-07-06,829.8499755859375,1042.199951171875,288.25,4041.0,1321.300048828125,1907.800048828125
2026-07-07,829.2999877929688,1071.800048828125,288.75,3991.89990234375,1308.4000244140625,1903.4000244140625
2026-07-08,810.2999877929688,1069.300048828125,280.6499938964844,3892.10009765625,1275.9000244140625,1888.199951171875
2026-07-09,817.5499877929688,1050.800048828125,282.04998779296875,3886.0,1279.800048828125,1938.699951171875
2026-07-10,824.9500122070312,1068.0,281.75,3945.800048828125,1307.800048828125,1935.5
2026-07-13,817.9500122070312,1102.5999755859375,279.6499938964844,3928.5,1296.9000244140625,1921.4000244140625
2026-07-14,809.4000244140625,1092.9000244140625,275.54998779296875,3848.699951171875,1293.0,1942.5999755859375
2026-07-15,815.4500122070312,1076.300048828125,276.6499938964844,3783.89990234375,1295.5,1951.5
2026-07-16,808.2999877929688,1082.4000244140625,279.3500061035156,3775.60009765625,1296.5999755859375,1950.0999755859375
2026-07-17,819.5999755859375,1096.5,280.70001220703125,3814.5,1327.199951171875,1932.5999755859375
2026-07-20,777.5999755859375,1087.0999755859375,282.70001220703125,3838.800048828125,1323.0999755859375,1956.4000244140625
2026-07-21,761.4500122070312,1073.5,281.0,3846.60009765625,1303.699951171875,1961.9000244140625
2026-07-22,753.1500244140625,1052.0999755859375,280.79998779296875,3817.39990234375,1288.5999755859375,1943.0
2026-07-23,747.25,1047.4000244140625,281.29998779296875,3792.39990234375,1272.199951171875,1954.0
2026-07-24,742.7999877929688,1040.9000244140625,283.45001220703125,3785.60009765625,1278.0,1941.0999755859375
2026-07-27,739.5499877929688,1079.199951171875,285.8500061035156,3806.0,1280.0,1973.699951171875
2026-07-28,735.4000244140625,1105.699951171875,284.6499938964844,3832.0,1267.699951171875,1976.699951171875
2026-07-29,748.2000122070312,1155.5999755859375,286.25,3931.39990234375,1275.9000244140625,1989.9000244140625
2026-07-30,753.9500122070312,1155.0999755859375,285.04998779296875,3937.699951171875,1292.9000244140625,2001.0999755859375
2026-07-31,748.1500244140625,1130.0999755859375,281.0,3938.89990234375,1307.800048828125,1990.5
2026-08-03,753.0,1180.0,287.0,4025.0,1319.0,1963.5
2026-08-04,742.0,1167.5,289.0,3990.0,1290.9000244140625,1964.0
2026-08-05,735.0,1174.0,286.95001220703125,4057.0,1280.0,1940.0
2026-08-06,734.2999877929688,1165.0,285.8999938964844,4061.800048828125,1325.0,1951.0
2026-08-07,731.0,1175.0999755859375,286.1000061035156,4056.0,1334.800048828125,1945.0
2026-08-10,731.0,1183.0,282.6499938964844,4080.0,1327.300048828125,1944.4000244140625
2026-08-11,729.0,1190.699951171875,279.0,4037.39990234375,1323.9000244140625,1942.0
2026-08-12,729.0,1176.0999755859375,276.1499938964844,4020.0,1329.0,1944.0
2026-08-13,725.0,1175.0,278.5,4070.699951171875,1317.0,1932.0
2026-08-14,727.0,1169.199951171875,278.20001220703125,4057.0,1310.0,1930.0
2026-08-17,729.0,1139.9000244140625,273.04998779296875,4086.699951171875,1316.0,1882.0
2026-08-18,723.0,1115.0,270.0,4064.300048828125,1322.0,1875.0999755859375
2026-08-19,720.0,1119.800048828125,267.04998779296875,4041.300048828125,1311.0,1900.0
2026-08-20,725.0499877929688,1130.0,271.6499938964844,4081.0,1313.199951171875,1904.0
2026-08-21,726.9500122070312,1121.0,269.3999938964844,4093.0,1316.0,1902.4000244140625
2026-08-24,729.0,1130.0,269.70001220703125,4090.0,1309.800048828125,1910.0
2026-08-25,727.5,1144.0,271.3999938964844,4119.0,1317.0,1922.0
2026-08-26,727.2000122070312,1120.0,270.25,4038.10009765625,1298.0,1899.5
2026-08-27,711.0,1110.800048828125,269.0,4027.0,1282.199951171875,1913.300048828125
2026-08-28,720.2999877929688,1144.0,266.0,4045.800048828125,1287.0,1920.0
2026-08-31,709.0,1133.800048828125,255.5,4044.89990234375,1277.0,1984.800048828125
2026-09-01,711.9000244140625,1156.0,266.6000061035156,3980.10009765625,1309.0,1929.0
2026-09-02,700.7999877929688,1140.0,266.29998779296875,3981.0,1313.0999755859375,1931.699951171875
2026-09-03,706.6500244140625,1130.300048828125,263.0,3975.0,1302.5,1916.0
2026-09-04,712.0999755859375,1130.0,264.1000061035156,3964.10009765625,1322.0,1899.0
2026-09-07,710.5,1087.5,263.5,3999.0,1309.5,1895.0
2026-09-08,703.0,1082.0,263.5,3946.10009765625,1294.9000244140625,1885.9000244140625
2026-09-09,687.0999755859375,1035.0,260.79998779296875,3922.60009765625,1279.0,1864.9000244140625
2026-09-10,693.7999877929688,1036.5,259.29998779296875,3955.0,1274.0,1861.0
2026-09-11,708.25,1037.699951171875,259.8500061035156,3930.699951171875,1257.5,1840.0
2026-09-14,708.25,1037.699951171875,259.8500061035156,3930.699951171875,1257.5,1840.0
2026-09-15,716.5499877929688,1077.0,258.0,3850.699951171875,1235.300048828125,1835.0
2026-09-16,721.5,1060.0,264.1499938964844,3807.699951171875,1240.0,1853.5
2026-09-17,713.0,1058.5999755859375,266.20001220703125,3836.199951171875,1243.9000244140625,1867.300048828125
2026-09-18,731.0,1051.4000244140625,262.29998779296875,3885.0,1226.4000244140625,1837.300048828125
